"","TIME","GEO","SEX","CITIZEN","AGE","WSTATUS","UNIT","Value","isoref"
"6",2008,"Belgium","Total","Total","From 15 to 64 years","Unknown","Thousand",0,"be"
"12",2008,"Belgium","Males","Total","From 15 to 64 years","Unknown","Thousand",0,"be"
"18",2008,"Belgium","Females","Total","From 15 to 64 years","Unknown","Thousand",0,"be"
"24",2008,"Bulgaria","Total","Total","From 15 to 64 years","Unknown","Thousand",0,"bg"
"30",2008,"Bulgaria","Males","Total","From 15 to 64 years","Unknown","Thousand",0,"bg"
"36",2008,"Bulgaria","Females","Total","From 15 to 64 years","Unknown","Thousand",0,"bg"
"42",2008,"Czechia","Total","Total","From 15 to 64 years","Unknown","Thousand",0,"cz"
"48",2008,"Czechia","Males","Total","From 15 to 64 years","Unknown","Thousand",0,"cz"
"54",2008,"Czechia","Females","Total","From 15 to 64 years","Unknown","Thousand",0,"cz"
"60",2008,"Denmark","Total","Total","From 15 to 64 years","Unknown","Thousand",0,"dk"
"66",2008,"Denmark","Males","Total","From 15 to 64 years","Unknown","Thousand",0,"dk"
"72",2008,"Denmark","Females","Total","From 15 to 64 years","Unknown","Thousand",0,"dk"
"78",2008,"Estonia","Total","Total","From 15 to 64 years","Unknown","Thousand",0,"ee"
"84",2008,"Estonia","Males","Total","From 15 to 64 years","Unknown","Thousand",0,"ee"
"90",2008,"Estonia","Females","Total","From 15 to 64 years","Unknown","Thousand",0,"ee"
"96",2008,"Ireland","Total","Total","From 15 to 64 years","Unknown","Thousand",0,"ie"
"102",2008,"Ireland","Males","Total","From 15 to 64 years","Unknown","Thousand",0,"ie"
"108",2008,"Ireland","Females","Total","From 15 to 64 years","Unknown","Thousand",0,"ie"
"114",2008,"Greece","Total","Total","From 15 to 64 years","Unknown","Thousand",0,"gr"
"120",2008,"Greece","Males","Total","From 15 to 64 years","Unknown","Thousand",0,"gr"
"126",2008,"Greece","Females","Total","From 15 to 64 years","Unknown","Thousand",0,"gr"
"132",2008,"Spain","Total","Total","From 15 to 64 years","Unknown","Thousand",0,"es"
"138",2008,"Spain","Males","Total","From 15 to 64 years","Unknown","Thousand",0,"es"
"144",2008,"Spain","Females","Total","From 15 to 64 years","Unknown","Thousand",0,"es"
"150",2008,"France","Total","Total","From 15 to 64 years","Unknown","Thousand",0,"fr"
"156",2008,"France","Males","Total","From 15 to 64 years","Unknown","Thousand",0,"fr"
"162",2008,"France","Females","Total","From 15 to 64 years","Unknown","Thousand",0,"fr"
"168",2008,"Croatia","Total","Total","From 15 to 64 years","Unknown","Thousand",0,"hr"
"174",2008,"Croatia","Males","Total","From 15 to 64 years","Unknown","Thousand",0,"hr"
"180",2008,"Croatia","Females","Total","From 15 to 64 years","Unknown","Thousand",0,"hr"
"186",2008,"Italy","Total","Total","From 15 to 64 years","Unknown","Thousand",0,"it"
"192",2008,"Italy","Males","Total","From 15 to 64 years","Unknown","Thousand",0,"it"
"198",2008,"Italy","Females","Total","From 15 to 64 years","Unknown","Thousand",0,"it"
"204",2008,"Cyprus","Total","Total","From 15 to 64 years","Unknown","Thousand",0,"cy"
"210",2008,"Cyprus","Males","Total","From 15 to 64 years","Unknown","Thousand",0,"cy"
"216",2008,"Cyprus","Females","Total","From 15 to 64 years","Unknown","Thousand",0,"cy"
"222",2008,"Latvia","Total","Total","From 15 to 64 years","Unknown","Thousand",0,"lv"
"228",2008,"Latvia","Males","Total","From 15 to 64 years","Unknown","Thousand",0,"lv"
"234",2008,"Latvia","Females","Total","From 15 to 64 years","Unknown","Thousand",0,"lv"
"240",2008,"Lithuania","Total","Total","From 15 to 64 years","Unknown","Thousand",0,"lt"
"246",2008,"Lithuania","Males","Total","From 15 to 64 years","Unknown","Thousand",0,"lt"
"252",2008,"Lithuania","Females","Total","From 15 to 64 years","Unknown","Thousand",0,"lt"
"258",2008,"Luxembourg","Total","Total","From 15 to 64 years","Unknown","Thousand",0,"lu"
"264",2008,"Luxembourg","Males","Total","From 15 to 64 years","Unknown","Thousand",0,"lu"
"270",2008,"Luxembourg","Females","Total","From 15 to 64 years","Unknown","Thousand",0,"lu"
"276",2008,"Hungary","Total","Total","From 15 to 64 years","Unknown","Thousand",0,"hu"
"282",2008,"Hungary","Males","Total","From 15 to 64 years","Unknown","Thousand",0,"hu"
"288",2008,"Hungary","Females","Total","From 15 to 64 years","Unknown","Thousand",0,"hu"
"294",2008,"Malta","Total","Total","From 15 to 64 years","Unknown","Thousand",0,"mt"
"300",2008,"Malta","Males","Total","From 15 to 64 years","Unknown","Thousand",0,"mt"
"306",2008,"Malta","Females","Total","From 15 to 64 years","Unknown","Thousand",0,"mt"
"312",2008,"Netherlands","Total","Total","From 15 to 64 years","Unknown","Thousand",0,"nl"
"318",2008,"Netherlands","Males","Total","From 15 to 64 years","Unknown","Thousand",0,"nl"
"324",2008,"Netherlands","Females","Total","From 15 to 64 years","Unknown","Thousand",0,"nl"
"330",2008,"Austria","Total","Total","From 15 to 64 years","Unknown","Thousand",0,"at"
"336",2008,"Austria","Males","Total","From 15 to 64 years","Unknown","Thousand",0,"at"
"342",2008,"Austria","Females","Total","From 15 to 64 years","Unknown","Thousand",0,"at"
"348",2008,"Poland","Total","Total","From 15 to 64 years","Unknown","Thousand",0,"pl"
"354",2008,"Poland","Males","Total","From 15 to 64 years","Unknown","Thousand",0,"pl"
"360",2008,"Poland","Females","Total","From 15 to 64 years","Unknown","Thousand",0,"pl"
"366",2008,"Portugal","Total","Total","From 15 to 64 years","Unknown","Thousand",0,"pt"
"372",2008,"Portugal","Males","Total","From 15 to 64 years","Unknown","Thousand",0,"pt"
"378",2008,"Portugal","Females","Total","From 15 to 64 years","Unknown","Thousand",0,"pt"
"384",2008,"Romania","Total","Total","From 15 to 64 years","Unknown","Thousand",0,"ro"
"390",2008,"Romania","Males","Total","From 15 to 64 years","Unknown","Thousand",0,"ro"
"396",2008,"Romania","Females","Total","From 15 to 64 years","Unknown","Thousand",0,"ro"
"402",2008,"Slovenia","Total","Total","From 15 to 64 years","Unknown","Thousand",0,"si"
"408",2008,"Slovenia","Males","Total","From 15 to 64 years","Unknown","Thousand",0,"si"
"414",2008,"Slovenia","Females","Total","From 15 to 64 years","Unknown","Thousand",0,"si"
"420",2008,"Slovakia","Total","Total","From 15 to 64 years","Unknown","Thousand",0,"sk"
"426",2008,"Slovakia","Males","Total","From 15 to 64 years","Unknown","Thousand",0,"sk"
"432",2008,"Slovakia","Females","Total","From 15 to 64 years","Unknown","Thousand",0,"sk"
"438",2008,"Finland","Total","Total","From 15 to 64 years","Unknown","Thousand",0,"fi"
"444",2008,"Finland","Males","Total","From 15 to 64 years","Unknown","Thousand",0,"fi"
"450",2008,"Finland","Females","Total","From 15 to 64 years","Unknown","Thousand",0,"fi"
"456",2008,"Sweden","Total","Total","From 15 to 64 years","Unknown","Thousand",0,"se"
"462",2008,"Sweden","Males","Total","From 15 to 64 years","Unknown","Thousand",0,"se"
"468",2008,"Sweden","Females","Total","From 15 to 64 years","Unknown","Thousand",0,"se"
"474",2008,"Iceland","Total","Total","From 15 to 64 years","Unknown","Thousand",0,"is"
"480",2008,"Iceland","Males","Total","From 15 to 64 years","Unknown","Thousand",0,"is"
"486",2008,"Iceland","Females","Total","From 15 to 64 years","Unknown","Thousand",0,"is"
"492",2008,"Norway","Total","Total","From 15 to 64 years","Unknown","Thousand",0,"no"
"498",2008,"Norway","Males","Total","From 15 to 64 years","Unknown","Thousand",0,"no"
"504",2008,"Norway","Females","Total","From 15 to 64 years","Unknown","Thousand",0,"no"
"510",2008,"Switzerland","Total","Total","From 15 to 64 years","Unknown","Thousand",0,"ch"
"516",2008,"Switzerland","Males","Total","From 15 to 64 years","Unknown","Thousand",0,"ch"
"522",2008,"Switzerland","Females","Total","From 15 to 64 years","Unknown","Thousand",0,"ch"
"528",2008,"Montenegro","Total","Total","From 15 to 64 years","Unknown","Thousand",0,"me"
"534",2008,"Montenegro","Males","Total","From 15 to 64 years","Unknown","Thousand",0,"me"
"540",2008,"Montenegro","Females","Total","From 15 to 64 years","Unknown","Thousand",0,"me"
"546",2008,"Serbia","Total","Total","From 15 to 64 years","Unknown","Thousand",0,"rs"
"552",2008,"Serbia","Males","Total","From 15 to 64 years","Unknown","Thousand",0,"rs"
"558",2008,"Serbia","Females","Total","From 15 to 64 years","Unknown","Thousand",0,"rs"
"564",2008,"Turkey","Total","Total","From 15 to 64 years","Unknown","Thousand",0,"tr"
"570",2008,"Turkey","Males","Total","From 15 to 64 years","Unknown","Thousand",0,"tr"
"576",2008,"Turkey","Females","Total","From 15 to 64 years","Unknown","Thousand",0,"tr"
"582",2009,"Belgium","Total","Total","From 15 to 64 years","Unknown","Thousand",0,"be"
"588",2009,"Belgium","Males","Total","From 15 to 64 years","Unknown","Thousand",0,"be"
"594",2009,"Belgium","Females","Total","From 15 to 64 years","Unknown","Thousand",0,"be"
"600",2009,"Bulgaria","Total","Total","From 15 to 64 years","Unknown","Thousand",0,"bg"
"606",2009,"Bulgaria","Males","Total","From 15 to 64 years","Unknown","Thousand",0,"bg"
"612",2009,"Bulgaria","Females","Total","From 15 to 64 years","Unknown","Thousand",0,"bg"
"618",2009,"Czechia","Total","Total","From 15 to 64 years","Unknown","Thousand",0,"cz"
"624",2009,"Czechia","Males","Total","From 15 to 64 years","Unknown","Thousand",0,"cz"
"630",2009,"Czechia","Females","Total","From 15 to 64 years","Unknown","Thousand",0,"cz"
"636",2009,"Denmark","Total","Total","From 15 to 64 years","Unknown","Thousand",0,"dk"
"642",2009,"Denmark","Males","Total","From 15 to 64 years","Unknown","Thousand",0,"dk"
"648",2009,"Denmark","Females","Total","From 15 to 64 years","Unknown","Thousand",0,"dk"
"654",2009,"Estonia","Total","Total","From 15 to 64 years","Unknown","Thousand",0,"ee"
"660",2009,"Estonia","Males","Total","From 15 to 64 years","Unknown","Thousand",0,"ee"
"666",2009,"Estonia","Females","Total","From 15 to 64 years","Unknown","Thousand",0,"ee"
"672",2009,"Ireland","Total","Total","From 15 to 64 years","Unknown","Thousand",0,"ie"
"678",2009,"Ireland","Males","Total","From 15 to 64 years","Unknown","Thousand",0,"ie"
"684",2009,"Ireland","Females","Total","From 15 to 64 years","Unknown","Thousand",0,"ie"
"690",2009,"Greece","Total","Total","From 15 to 64 years","Unknown","Thousand",0,"gr"
"696",2009,"Greece","Males","Total","From 15 to 64 years","Unknown","Thousand",0,"gr"
"702",2009,"Greece","Females","Total","From 15 to 64 years","Unknown","Thousand",0,"gr"
"708",2009,"Spain","Total","Total","From 15 to 64 years","Unknown","Thousand",0,"es"
"714",2009,"Spain","Males","Total","From 15 to 64 years","Unknown","Thousand",0,"es"
"720",2009,"Spain","Females","Total","From 15 to 64 years","Unknown","Thousand",0,"es"
"726",2009,"France","Total","Total","From 15 to 64 years","Unknown","Thousand",0,"fr"
"732",2009,"France","Males","Total","From 15 to 64 years","Unknown","Thousand",0,"fr"
"738",2009,"France","Females","Total","From 15 to 64 years","Unknown","Thousand",0,"fr"
"744",2009,"Croatia","Total","Total","From 15 to 64 years","Unknown","Thousand",0,"hr"
"750",2009,"Croatia","Males","Total","From 15 to 64 years","Unknown","Thousand",0,"hr"
"756",2009,"Croatia","Females","Total","From 15 to 64 years","Unknown","Thousand",0,"hr"
"762",2009,"Italy","Total","Total","From 15 to 64 years","Unknown","Thousand",0,"it"
"768",2009,"Italy","Males","Total","From 15 to 64 years","Unknown","Thousand",0,"it"
"774",2009,"Italy","Females","Total","From 15 to 64 years","Unknown","Thousand",0,"it"
"780",2009,"Cyprus","Total","Total","From 15 to 64 years","Unknown","Thousand",0,"cy"
"786",2009,"Cyprus","Males","Total","From 15 to 64 years","Unknown","Thousand",0,"cy"
"792",2009,"Cyprus","Females","Total","From 15 to 64 years","Unknown","Thousand",0,"cy"
"798",2009,"Latvia","Total","Total","From 15 to 64 years","Unknown","Thousand",0,"lv"
"804",2009,"Latvia","Males","Total","From 15 to 64 years","Unknown","Thousand",0,"lv"
"810",2009,"Latvia","Females","Total","From 15 to 64 years","Unknown","Thousand",0,"lv"
"816",2009,"Lithuania","Total","Total","From 15 to 64 years","Unknown","Thousand",0,"lt"
"822",2009,"Lithuania","Males","Total","From 15 to 64 years","Unknown","Thousand",0,"lt"
"828",2009,"Lithuania","Females","Total","From 15 to 64 years","Unknown","Thousand",0,"lt"
"834",2009,"Luxembourg","Total","Total","From 15 to 64 years","Unknown","Thousand",0,"lu"
"840",2009,"Luxembourg","Males","Total","From 15 to 64 years","Unknown","Thousand",0,"lu"
"846",2009,"Luxembourg","Females","Total","From 15 to 64 years","Unknown","Thousand",0,"lu"
"852",2009,"Hungary","Total","Total","From 15 to 64 years","Unknown","Thousand",0,"hu"
"858",2009,"Hungary","Males","Total","From 15 to 64 years","Unknown","Thousand",0,"hu"
"864",2009,"Hungary","Females","Total","From 15 to 64 years","Unknown","Thousand",0,"hu"
"870",2009,"Malta","Total","Total","From 15 to 64 years","Unknown","Thousand",0,"mt"
"876",2009,"Malta","Males","Total","From 15 to 64 years","Unknown","Thousand",0,"mt"
"882",2009,"Malta","Females","Total","From 15 to 64 years","Unknown","Thousand",0,"mt"
"888",2009,"Netherlands","Total","Total","From 15 to 64 years","Unknown","Thousand",0,"nl"
"894",2009,"Netherlands","Males","Total","From 15 to 64 years","Unknown","Thousand",0,"nl"
"900",2009,"Netherlands","Females","Total","From 15 to 64 years","Unknown","Thousand",0,"nl"
"906",2009,"Austria","Total","Total","From 15 to 64 years","Unknown","Thousand",0,"at"
"912",2009,"Austria","Males","Total","From 15 to 64 years","Unknown","Thousand",0,"at"
"918",2009,"Austria","Females","Total","From 15 to 64 years","Unknown","Thousand",0,"at"
"924",2009,"Poland","Total","Total","From 15 to 64 years","Unknown","Thousand",0,"pl"
"930",2009,"Poland","Males","Total","From 15 to 64 years","Unknown","Thousand",0,"pl"
"936",2009,"Poland","Females","Total","From 15 to 64 years","Unknown","Thousand",0,"pl"
"942",2009,"Portugal","Total","Total","From 15 to 64 years","Unknown","Thousand",0,"pt"
"948",2009,"Portugal","Males","Total","From 15 to 64 years","Unknown","Thousand",0,"pt"
"954",2009,"Portugal","Females","Total","From 15 to 64 years","Unknown","Thousand",0,"pt"
"960",2009,"Romania","Total","Total","From 15 to 64 years","Unknown","Thousand",0,"ro"
"966",2009,"Romania","Males","Total","From 15 to 64 years","Unknown","Thousand",0,"ro"
"972",2009,"Romania","Females","Total","From 15 to 64 years","Unknown","Thousand",0,"ro"
"978",2009,"Slovenia","Total","Total","From 15 to 64 years","Unknown","Thousand",0,"si"
"984",2009,"Slovenia","Males","Total","From 15 to 64 years","Unknown","Thousand",0,"si"
"990",2009,"Slovenia","Females","Total","From 15 to 64 years","Unknown","Thousand",0,"si"
"996",2009,"Slovakia","Total","Total","From 15 to 64 years","Unknown","Thousand",0,"sk"
"1002",2009,"Slovakia","Males","Total","From 15 to 64 years","Unknown","Thousand",0,"sk"
"1008",2009,"Slovakia","Females","Total","From 15 to 64 years","Unknown","Thousand",0,"sk"
"1014",2009,"Finland","Total","Total","From 15 to 64 years","Unknown","Thousand",0,"fi"
"1020",2009,"Finland","Males","Total","From 15 to 64 years","Unknown","Thousand",0,"fi"
"1026",2009,"Finland","Females","Total","From 15 to 64 years","Unknown","Thousand",0,"fi"
"1032",2009,"Sweden","Total","Total","From 15 to 64 years","Unknown","Thousand",0,"se"
"1038",2009,"Sweden","Males","Total","From 15 to 64 years","Unknown","Thousand",0,"se"
"1044",2009,"Sweden","Females","Total","From 15 to 64 years","Unknown","Thousand",0,"se"
"1050",2009,"Iceland","Total","Total","From 15 to 64 years","Unknown","Thousand",0,"is"
"1056",2009,"Iceland","Males","Total","From 15 to 64 years","Unknown","Thousand",0,"is"
"1062",2009,"Iceland","Females","Total","From 15 to 64 years","Unknown","Thousand",0,"is"
"1068",2009,"Norway","Total","Total","From 15 to 64 years","Unknown","Thousand",0,"no"
"1074",2009,"Norway","Males","Total","From 15 to 64 years","Unknown","Thousand",0,"no"
"1080",2009,"Norway","Females","Total","From 15 to 64 years","Unknown","Thousand",0,"no"
"1086",2009,"Switzerland","Total","Total","From 15 to 64 years","Unknown","Thousand",0,"ch"
"1092",2009,"Switzerland","Males","Total","From 15 to 64 years","Unknown","Thousand",0,"ch"
"1098",2009,"Switzerland","Females","Total","From 15 to 64 years","Unknown","Thousand",0,"ch"
"1104",2009,"Montenegro","Total","Total","From 15 to 64 years","Unknown","Thousand",0,"me"
"1110",2009,"Montenegro","Males","Total","From 15 to 64 years","Unknown","Thousand",0,"me"
"1116",2009,"Montenegro","Females","Total","From 15 to 64 years","Unknown","Thousand",0,"me"
"1122",2009,"Serbia","Total","Total","From 15 to 64 years","Unknown","Thousand",0,"rs"
"1128",2009,"Serbia","Males","Total","From 15 to 64 years","Unknown","Thousand",0,"rs"
"1134",2009,"Serbia","Females","Total","From 15 to 64 years","Unknown","Thousand",0,"rs"
"1140",2009,"Turkey","Total","Total","From 15 to 64 years","Unknown","Thousand",0,"tr"
"1146",2009,"Turkey","Males","Total","From 15 to 64 years","Unknown","Thousand",0,"tr"
"1152",2009,"Turkey","Females","Total","From 15 to 64 years","Unknown","Thousand",0,"tr"
"1158",2010,"Belgium","Total","Total","From 15 to 64 years","Unknown","Thousand",0,"be"
"1164",2010,"Belgium","Males","Total","From 15 to 64 years","Unknown","Thousand",0,"be"
"1170",2010,"Belgium","Females","Total","From 15 to 64 years","Unknown","Thousand",0,"be"
"1176",2010,"Bulgaria","Total","Total","From 15 to 64 years","Unknown","Thousand",0,"bg"
"1182",2010,"Bulgaria","Males","Total","From 15 to 64 years","Unknown","Thousand",0,"bg"
"1188",2010,"Bulgaria","Females","Total","From 15 to 64 years","Unknown","Thousand",0,"bg"
"1194",2010,"Czechia","Total","Total","From 15 to 64 years","Unknown","Thousand",0,"cz"
"1200",2010,"Czechia","Males","Total","From 15 to 64 years","Unknown","Thousand",0,"cz"
"1206",2010,"Czechia","Females","Total","From 15 to 64 years","Unknown","Thousand",0,"cz"
"1212",2010,"Denmark","Total","Total","From 15 to 64 years","Unknown","Thousand",0,"dk"
"1218",2010,"Denmark","Males","Total","From 15 to 64 years","Unknown","Thousand",0,"dk"
"1224",2010,"Denmark","Females","Total","From 15 to 64 years","Unknown","Thousand",0,"dk"
"1230",2010,"Estonia","Total","Total","From 15 to 64 years","Unknown","Thousand",0,"ee"
"1236",2010,"Estonia","Males","Total","From 15 to 64 years","Unknown","Thousand",0,"ee"
"1242",2010,"Estonia","Females","Total","From 15 to 64 years","Unknown","Thousand",0,"ee"
"1248",2010,"Ireland","Total","Total","From 15 to 64 years","Unknown","Thousand",0,"ie"
"1254",2010,"Ireland","Males","Total","From 15 to 64 years","Unknown","Thousand",0,"ie"
"1260",2010,"Ireland","Females","Total","From 15 to 64 years","Unknown","Thousand",0,"ie"
"1266",2010,"Greece","Total","Total","From 15 to 64 years","Unknown","Thousand",0,"gr"
"1272",2010,"Greece","Males","Total","From 15 to 64 years","Unknown","Thousand",0,"gr"
"1278",2010,"Greece","Females","Total","From 15 to 64 years","Unknown","Thousand",0,"gr"
"1284",2010,"Spain","Total","Total","From 15 to 64 years","Unknown","Thousand",0,"es"
"1290",2010,"Spain","Males","Total","From 15 to 64 years","Unknown","Thousand",0,"es"
"1296",2010,"Spain","Females","Total","From 15 to 64 years","Unknown","Thousand",0,"es"
"1302",2010,"France","Total","Total","From 15 to 64 years","Unknown","Thousand",0,"fr"
"1308",2010,"France","Males","Total","From 15 to 64 years","Unknown","Thousand",0,"fr"
"1314",2010,"France","Females","Total","From 15 to 64 years","Unknown","Thousand",0,"fr"
"1320",2010,"Croatia","Total","Total","From 15 to 64 years","Unknown","Thousand",0,"hr"
"1326",2010,"Croatia","Males","Total","From 15 to 64 years","Unknown","Thousand",0,"hr"
"1332",2010,"Croatia","Females","Total","From 15 to 64 years","Unknown","Thousand",0,"hr"
"1338",2010,"Italy","Total","Total","From 15 to 64 years","Unknown","Thousand",0,"it"
"1344",2010,"Italy","Males","Total","From 15 to 64 years","Unknown","Thousand",0,"it"
"1350",2010,"Italy","Females","Total","From 15 to 64 years","Unknown","Thousand",0,"it"
"1356",2010,"Cyprus","Total","Total","From 15 to 64 years","Unknown","Thousand",0,"cy"
"1362",2010,"Cyprus","Males","Total","From 15 to 64 years","Unknown","Thousand",0,"cy"
"1368",2010,"Cyprus","Females","Total","From 15 to 64 years","Unknown","Thousand",0,"cy"
"1374",2010,"Latvia","Total","Total","From 15 to 64 years","Unknown","Thousand",0,"lv"
"1380",2010,"Latvia","Males","Total","From 15 to 64 years","Unknown","Thousand",0,"lv"
"1386",2010,"Latvia","Females","Total","From 15 to 64 years","Unknown","Thousand",0,"lv"
"1392",2010,"Lithuania","Total","Total","From 15 to 64 years","Unknown","Thousand",0,"lt"
"1398",2010,"Lithuania","Males","Total","From 15 to 64 years","Unknown","Thousand",0,"lt"
"1404",2010,"Lithuania","Females","Total","From 15 to 64 years","Unknown","Thousand",0,"lt"
"1410",2010,"Luxembourg","Total","Total","From 15 to 64 years","Unknown","Thousand",0,"lu"
"1416",2010,"Luxembourg","Males","Total","From 15 to 64 years","Unknown","Thousand",0,"lu"
"1422",2010,"Luxembourg","Females","Total","From 15 to 64 years","Unknown","Thousand",0,"lu"
"1428",2010,"Hungary","Total","Total","From 15 to 64 years","Unknown","Thousand",0,"hu"
"1434",2010,"Hungary","Males","Total","From 15 to 64 years","Unknown","Thousand",0,"hu"
"1440",2010,"Hungary","Females","Total","From 15 to 64 years","Unknown","Thousand",0,"hu"
"1446",2010,"Malta","Total","Total","From 15 to 64 years","Unknown","Thousand",0,"mt"
"1452",2010,"Malta","Males","Total","From 15 to 64 years","Unknown","Thousand",0,"mt"
"1458",2010,"Malta","Females","Total","From 15 to 64 years","Unknown","Thousand",0,"mt"
"1464",2010,"Netherlands","Total","Total","From 15 to 64 years","Unknown","Thousand",0,"nl"
"1470",2010,"Netherlands","Males","Total","From 15 to 64 years","Unknown","Thousand",0,"nl"
"1476",2010,"Netherlands","Females","Total","From 15 to 64 years","Unknown","Thousand",0,"nl"
"1482",2010,"Austria","Total","Total","From 15 to 64 years","Unknown","Thousand",0,"at"
"1488",2010,"Austria","Males","Total","From 15 to 64 years","Unknown","Thousand",0,"at"
"1494",2010,"Austria","Females","Total","From 15 to 64 years","Unknown","Thousand",0,"at"
"1500",2010,"Poland","Total","Total","From 15 to 64 years","Unknown","Thousand",0,"pl"
"1506",2010,"Poland","Males","Total","From 15 to 64 years","Unknown","Thousand",0,"pl"
"1512",2010,"Poland","Females","Total","From 15 to 64 years","Unknown","Thousand",0,"pl"
"1518",2010,"Portugal","Total","Total","From 15 to 64 years","Unknown","Thousand",0,"pt"
"1524",2010,"Portugal","Males","Total","From 15 to 64 years","Unknown","Thousand",0,"pt"
"1530",2010,"Portugal","Females","Total","From 15 to 64 years","Unknown","Thousand",0,"pt"
"1536",2010,"Romania","Total","Total","From 15 to 64 years","Unknown","Thousand",0,"ro"
"1542",2010,"Romania","Males","Total","From 15 to 64 years","Unknown","Thousand",0,"ro"
"1548",2010,"Romania","Females","Total","From 15 to 64 years","Unknown","Thousand",0,"ro"
"1554",2010,"Slovenia","Total","Total","From 15 to 64 years","Unknown","Thousand",0,"si"
"1560",2010,"Slovenia","Males","Total","From 15 to 64 years","Unknown","Thousand",0,"si"
"1566",2010,"Slovenia","Females","Total","From 15 to 64 years","Unknown","Thousand",0,"si"
"1572",2010,"Slovakia","Total","Total","From 15 to 64 years","Unknown","Thousand",0,"sk"
"1578",2010,"Slovakia","Males","Total","From 15 to 64 years","Unknown","Thousand",0,"sk"
"1584",2010,"Slovakia","Females","Total","From 15 to 64 years","Unknown","Thousand",0,"sk"
"1590",2010,"Finland","Total","Total","From 15 to 64 years","Unknown","Thousand",0,"fi"
"1596",2010,"Finland","Males","Total","From 15 to 64 years","Unknown","Thousand",0,"fi"
"1602",2010,"Finland","Females","Total","From 15 to 64 years","Unknown","Thousand",0,"fi"
"1608",2010,"Sweden","Total","Total","From 15 to 64 years","Unknown","Thousand",0,"se"
"1614",2010,"Sweden","Males","Total","From 15 to 64 years","Unknown","Thousand",0,"se"
"1620",2010,"Sweden","Females","Total","From 15 to 64 years","Unknown","Thousand",0,"se"
"1626",2010,"Iceland","Total","Total","From 15 to 64 years","Unknown","Thousand",0,"is"
"1632",2010,"Iceland","Males","Total","From 15 to 64 years","Unknown","Thousand",0,"is"
"1638",2010,"Iceland","Females","Total","From 15 to 64 years","Unknown","Thousand",0,"is"
"1644",2010,"Norway","Total","Total","From 15 to 64 years","Unknown","Thousand",0,"no"
"1650",2010,"Norway","Males","Total","From 15 to 64 years","Unknown","Thousand",0,"no"
"1656",2010,"Norway","Females","Total","From 15 to 64 years","Unknown","Thousand",0,"no"
"1662",2010,"Switzerland","Total","Total","From 15 to 64 years","Unknown","Thousand",0,"ch"
"1668",2010,"Switzerland","Males","Total","From 15 to 64 years","Unknown","Thousand",0,"ch"
"1674",2010,"Switzerland","Females","Total","From 15 to 64 years","Unknown","Thousand",0,"ch"
"1680",2010,"Montenegro","Total","Total","From 15 to 64 years","Unknown","Thousand",0,"me"
"1686",2010,"Montenegro","Males","Total","From 15 to 64 years","Unknown","Thousand",0,"me"
"1692",2010,"Montenegro","Females","Total","From 15 to 64 years","Unknown","Thousand",0,"me"
"1698",2010,"Serbia","Total","Total","From 15 to 64 years","Unknown","Thousand",0,"rs"
"1704",2010,"Serbia","Males","Total","From 15 to 64 years","Unknown","Thousand",0,"rs"
"1710",2010,"Serbia","Females","Total","From 15 to 64 years","Unknown","Thousand",0,"rs"
"1716",2010,"Turkey","Total","Total","From 15 to 64 years","Unknown","Thousand",0,"tr"
"1722",2010,"Turkey","Males","Total","From 15 to 64 years","Unknown","Thousand",0,"tr"
"1728",2010,"Turkey","Females","Total","From 15 to 64 years","Unknown","Thousand",0,"tr"
"1734",2011,"Belgium","Total","Total","From 15 to 64 years","Unknown","Thousand",0,"be"
"1740",2011,"Belgium","Males","Total","From 15 to 64 years","Unknown","Thousand",0,"be"
"1746",2011,"Belgium","Females","Total","From 15 to 64 years","Unknown","Thousand",0,"be"
"1752",2011,"Bulgaria","Total","Total","From 15 to 64 years","Unknown","Thousand",0,"bg"
"1758",2011,"Bulgaria","Males","Total","From 15 to 64 years","Unknown","Thousand",0,"bg"
"1764",2011,"Bulgaria","Females","Total","From 15 to 64 years","Unknown","Thousand",0,"bg"
"1770",2011,"Czechia","Total","Total","From 15 to 64 years","Unknown","Thousand",0,"cz"
"1776",2011,"Czechia","Males","Total","From 15 to 64 years","Unknown","Thousand",0,"cz"
"1782",2011,"Czechia","Females","Total","From 15 to 64 years","Unknown","Thousand",0,"cz"
"1788",2011,"Denmark","Total","Total","From 15 to 64 years","Unknown","Thousand",0,"dk"
"1794",2011,"Denmark","Males","Total","From 15 to 64 years","Unknown","Thousand",0,"dk"
"1800",2011,"Denmark","Females","Total","From 15 to 64 years","Unknown","Thousand",0,"dk"
"1806",2011,"Estonia","Total","Total","From 15 to 64 years","Unknown","Thousand",0,"ee"
"1812",2011,"Estonia","Males","Total","From 15 to 64 years","Unknown","Thousand",0,"ee"
"1818",2011,"Estonia","Females","Total","From 15 to 64 years","Unknown","Thousand",0,"ee"
"1824",2011,"Ireland","Total","Total","From 15 to 64 years","Unknown","Thousand",0,"ie"
"1830",2011,"Ireland","Males","Total","From 15 to 64 years","Unknown","Thousand",0,"ie"
"1836",2011,"Ireland","Females","Total","From 15 to 64 years","Unknown","Thousand",0,"ie"
"1842",2011,"Greece","Total","Total","From 15 to 64 years","Unknown","Thousand",0,"gr"
"1848",2011,"Greece","Males","Total","From 15 to 64 years","Unknown","Thousand",0,"gr"
"1854",2011,"Greece","Females","Total","From 15 to 64 years","Unknown","Thousand",0,"gr"
"1860",2011,"Spain","Total","Total","From 15 to 64 years","Unknown","Thousand",0,"es"
"1866",2011,"Spain","Males","Total","From 15 to 64 years","Unknown","Thousand",0,"es"
"1872",2011,"Spain","Females","Total","From 15 to 64 years","Unknown","Thousand",0,"es"
"1878",2011,"France","Total","Total","From 15 to 64 years","Unknown","Thousand",0,"fr"
"1884",2011,"France","Males","Total","From 15 to 64 years","Unknown","Thousand",0,"fr"
"1890",2011,"France","Females","Total","From 15 to 64 years","Unknown","Thousand",0,"fr"
"1896",2011,"Croatia","Total","Total","From 15 to 64 years","Unknown","Thousand",0,"hr"
"1902",2011,"Croatia","Males","Total","From 15 to 64 years","Unknown","Thousand",0,"hr"
"1908",2011,"Croatia","Females","Total","From 15 to 64 years","Unknown","Thousand",0,"hr"
"1914",2011,"Italy","Total","Total","From 15 to 64 years","Unknown","Thousand",0,"it"
"1920",2011,"Italy","Males","Total","From 15 to 64 years","Unknown","Thousand",0,"it"
"1926",2011,"Italy","Females","Total","From 15 to 64 years","Unknown","Thousand",0,"it"
"1932",2011,"Cyprus","Total","Total","From 15 to 64 years","Unknown","Thousand",0,"cy"
"1938",2011,"Cyprus","Males","Total","From 15 to 64 years","Unknown","Thousand",0,"cy"
"1944",2011,"Cyprus","Females","Total","From 15 to 64 years","Unknown","Thousand",0,"cy"
"1950",2011,"Latvia","Total","Total","From 15 to 64 years","Unknown","Thousand",0,"lv"
"1956",2011,"Latvia","Males","Total","From 15 to 64 years","Unknown","Thousand",0,"lv"
"1962",2011,"Latvia","Females","Total","From 15 to 64 years","Unknown","Thousand",0,"lv"
"1968",2011,"Lithuania","Total","Total","From 15 to 64 years","Unknown","Thousand",0,"lt"
"1974",2011,"Lithuania","Males","Total","From 15 to 64 years","Unknown","Thousand",0,"lt"
"1980",2011,"Lithuania","Females","Total","From 15 to 64 years","Unknown","Thousand",0,"lt"
"1986",2011,"Luxembourg","Total","Total","From 15 to 64 years","Unknown","Thousand",0,"lu"
"1992",2011,"Luxembourg","Males","Total","From 15 to 64 years","Unknown","Thousand",0,"lu"
"1998",2011,"Luxembourg","Females","Total","From 15 to 64 years","Unknown","Thousand",0,"lu"
"2004",2011,"Hungary","Total","Total","From 15 to 64 years","Unknown","Thousand",0,"hu"
"2010",2011,"Hungary","Males","Total","From 15 to 64 years","Unknown","Thousand",0,"hu"
"2016",2011,"Hungary","Females","Total","From 15 to 64 years","Unknown","Thousand",0,"hu"
"2022",2011,"Malta","Total","Total","From 15 to 64 years","Unknown","Thousand",0,"mt"
"2028",2011,"Malta","Males","Total","From 15 to 64 years","Unknown","Thousand",0,"mt"
"2034",2011,"Malta","Females","Total","From 15 to 64 years","Unknown","Thousand",0,"mt"
"2040",2011,"Netherlands","Total","Total","From 15 to 64 years","Unknown","Thousand",0,"nl"
"2046",2011,"Netherlands","Males","Total","From 15 to 64 years","Unknown","Thousand",0,"nl"
"2052",2011,"Netherlands","Females","Total","From 15 to 64 years","Unknown","Thousand",0,"nl"
"2058",2011,"Austria","Total","Total","From 15 to 64 years","Unknown","Thousand",0,"at"
"2064",2011,"Austria","Males","Total","From 15 to 64 years","Unknown","Thousand",0,"at"
"2070",2011,"Austria","Females","Total","From 15 to 64 years","Unknown","Thousand",0,"at"
"2076",2011,"Poland","Total","Total","From 15 to 64 years","Unknown","Thousand",0,"pl"
"2082",2011,"Poland","Males","Total","From 15 to 64 years","Unknown","Thousand",0,"pl"
"2088",2011,"Poland","Females","Total","From 15 to 64 years","Unknown","Thousand",0,"pl"
"2094",2011,"Portugal","Total","Total","From 15 to 64 years","Unknown","Thousand",0,"pt"
"2100",2011,"Portugal","Males","Total","From 15 to 64 years","Unknown","Thousand",0,"pt"
"2106",2011,"Portugal","Females","Total","From 15 to 64 years","Unknown","Thousand",0,"pt"
"2112",2011,"Romania","Total","Total","From 15 to 64 years","Unknown","Thousand",0,"ro"
"2118",2011,"Romania","Males","Total","From 15 to 64 years","Unknown","Thousand",0,"ro"
"2124",2011,"Romania","Females","Total","From 15 to 64 years","Unknown","Thousand",0,"ro"
"2130",2011,"Slovenia","Total","Total","From 15 to 64 years","Unknown","Thousand",0,"si"
"2136",2011,"Slovenia","Males","Total","From 15 to 64 years","Unknown","Thousand",0,"si"
"2142",2011,"Slovenia","Females","Total","From 15 to 64 years","Unknown","Thousand",0,"si"
"2148",2011,"Slovakia","Total","Total","From 15 to 64 years","Unknown","Thousand",0,"sk"
"2154",2011,"Slovakia","Males","Total","From 15 to 64 years","Unknown","Thousand",0,"sk"
"2160",2011,"Slovakia","Females","Total","From 15 to 64 years","Unknown","Thousand",0,"sk"
"2166",2011,"Finland","Total","Total","From 15 to 64 years","Unknown","Thousand",0,"fi"
"2172",2011,"Finland","Males","Total","From 15 to 64 years","Unknown","Thousand",0,"fi"
"2178",2011,"Finland","Females","Total","From 15 to 64 years","Unknown","Thousand",0,"fi"
"2184",2011,"Sweden","Total","Total","From 15 to 64 years","Unknown","Thousand",0,"se"
"2190",2011,"Sweden","Males","Total","From 15 to 64 years","Unknown","Thousand",0,"se"
"2196",2011,"Sweden","Females","Total","From 15 to 64 years","Unknown","Thousand",0,"se"
"2202",2011,"Iceland","Total","Total","From 15 to 64 years","Unknown","Thousand",0,"is"
"2208",2011,"Iceland","Males","Total","From 15 to 64 years","Unknown","Thousand",0,"is"
"2214",2011,"Iceland","Females","Total","From 15 to 64 years","Unknown","Thousand",0,"is"
"2220",2011,"Norway","Total","Total","From 15 to 64 years","Unknown","Thousand",0,"no"
"2226",2011,"Norway","Males","Total","From 15 to 64 years","Unknown","Thousand",0,"no"
"2232",2011,"Norway","Females","Total","From 15 to 64 years","Unknown","Thousand",0,"no"
"2238",2011,"Switzerland","Total","Total","From 15 to 64 years","Unknown","Thousand",0,"ch"
"2244",2011,"Switzerland","Males","Total","From 15 to 64 years","Unknown","Thousand",0,"ch"
"2250",2011,"Switzerland","Females","Total","From 15 to 64 years","Unknown","Thousand",0,"ch"
"2256",2011,"Montenegro","Total","Total","From 15 to 64 years","Unknown","Thousand",0,"me"
"2262",2011,"Montenegro","Males","Total","From 15 to 64 years","Unknown","Thousand",0,"me"
"2268",2011,"Montenegro","Females","Total","From 15 to 64 years","Unknown","Thousand",0,"me"
"2274",2011,"Serbia","Total","Total","From 15 to 64 years","Unknown","Thousand",0,"rs"
"2280",2011,"Serbia","Males","Total","From 15 to 64 years","Unknown","Thousand",0,"rs"
"2286",2011,"Serbia","Females","Total","From 15 to 64 years","Unknown","Thousand",0,"rs"
"2292",2011,"Turkey","Total","Total","From 15 to 64 years","Unknown","Thousand",0,"tr"
"2298",2011,"Turkey","Males","Total","From 15 to 64 years","Unknown","Thousand",0,"tr"
"2304",2011,"Turkey","Females","Total","From 15 to 64 years","Unknown","Thousand",0,"tr"
"2310",2012,"Belgium","Total","Total","From 15 to 64 years","Unknown","Thousand",0,"be"
"2316",2012,"Belgium","Males","Total","From 15 to 64 years","Unknown","Thousand",0,"be"
"2322",2012,"Belgium","Females","Total","From 15 to 64 years","Unknown","Thousand",0,"be"
"2328",2012,"Bulgaria","Total","Total","From 15 to 64 years","Unknown","Thousand",0,"bg"
"2334",2012,"Bulgaria","Males","Total","From 15 to 64 years","Unknown","Thousand",0,"bg"
"2340",2012,"Bulgaria","Females","Total","From 15 to 64 years","Unknown","Thousand",0,"bg"
"2346",2012,"Czechia","Total","Total","From 15 to 64 years","Unknown","Thousand",0,"cz"
"2352",2012,"Czechia","Males","Total","From 15 to 64 years","Unknown","Thousand",0,"cz"
"2358",2012,"Czechia","Females","Total","From 15 to 64 years","Unknown","Thousand",0,"cz"
"2364",2012,"Denmark","Total","Total","From 15 to 64 years","Unknown","Thousand",0,"dk"
"2370",2012,"Denmark","Males","Total","From 15 to 64 years","Unknown","Thousand",0,"dk"
"2376",2012,"Denmark","Females","Total","From 15 to 64 years","Unknown","Thousand",0,"dk"
"2382",2012,"Estonia","Total","Total","From 15 to 64 years","Unknown","Thousand",0,"ee"
"2388",2012,"Estonia","Males","Total","From 15 to 64 years","Unknown","Thousand",0,"ee"
"2394",2012,"Estonia","Females","Total","From 15 to 64 years","Unknown","Thousand",0,"ee"
"2400",2012,"Ireland","Total","Total","From 15 to 64 years","Unknown","Thousand",0,"ie"
"2406",2012,"Ireland","Males","Total","From 15 to 64 years","Unknown","Thousand",0,"ie"
"2412",2012,"Ireland","Females","Total","From 15 to 64 years","Unknown","Thousand",0,"ie"
"2418",2012,"Greece","Total","Total","From 15 to 64 years","Unknown","Thousand",0,"gr"
"2424",2012,"Greece","Males","Total","From 15 to 64 years","Unknown","Thousand",0,"gr"
"2430",2012,"Greece","Females","Total","From 15 to 64 years","Unknown","Thousand",0,"gr"
"2436",2012,"Spain","Total","Total","From 15 to 64 years","Unknown","Thousand",0,"es"
"2442",2012,"Spain","Males","Total","From 15 to 64 years","Unknown","Thousand",0,"es"
"2448",2012,"Spain","Females","Total","From 15 to 64 years","Unknown","Thousand",0,"es"
"2454",2012,"France","Total","Total","From 15 to 64 years","Unknown","Thousand",0,"fr"
"2460",2012,"France","Males","Total","From 15 to 64 years","Unknown","Thousand",0,"fr"
"2466",2012,"France","Females","Total","From 15 to 64 years","Unknown","Thousand",0,"fr"
"2472",2012,"Croatia","Total","Total","From 15 to 64 years","Unknown","Thousand",0,"hr"
"2478",2012,"Croatia","Males","Total","From 15 to 64 years","Unknown","Thousand",0,"hr"
"2484",2012,"Croatia","Females","Total","From 15 to 64 years","Unknown","Thousand",0,"hr"
"2490",2012,"Italy","Total","Total","From 15 to 64 years","Unknown","Thousand",0,"it"
"2496",2012,"Italy","Males","Total","From 15 to 64 years","Unknown","Thousand",0,"it"
"2502",2012,"Italy","Females","Total","From 15 to 64 years","Unknown","Thousand",0,"it"
"2508",2012,"Cyprus","Total","Total","From 15 to 64 years","Unknown","Thousand",0,"cy"
"2514",2012,"Cyprus","Males","Total","From 15 to 64 years","Unknown","Thousand",0,"cy"
"2520",2012,"Cyprus","Females","Total","From 15 to 64 years","Unknown","Thousand",0,"cy"
"2526",2012,"Latvia","Total","Total","From 15 to 64 years","Unknown","Thousand",0,"lv"
"2532",2012,"Latvia","Males","Total","From 15 to 64 years","Unknown","Thousand",0,"lv"
"2538",2012,"Latvia","Females","Total","From 15 to 64 years","Unknown","Thousand",0,"lv"
"2544",2012,"Lithuania","Total","Total","From 15 to 64 years","Unknown","Thousand",0,"lt"
"2550",2012,"Lithuania","Males","Total","From 15 to 64 years","Unknown","Thousand",0,"lt"
"2556",2012,"Lithuania","Females","Total","From 15 to 64 years","Unknown","Thousand",0,"lt"
"2562",2012,"Luxembourg","Total","Total","From 15 to 64 years","Unknown","Thousand",0,"lu"
"2568",2012,"Luxembourg","Males","Total","From 15 to 64 years","Unknown","Thousand",0,"lu"
"2574",2012,"Luxembourg","Females","Total","From 15 to 64 years","Unknown","Thousand",0,"lu"
"2580",2012,"Hungary","Total","Total","From 15 to 64 years","Unknown","Thousand",0,"hu"
"2586",2012,"Hungary","Males","Total","From 15 to 64 years","Unknown","Thousand",0,"hu"
"2592",2012,"Hungary","Females","Total","From 15 to 64 years","Unknown","Thousand",0,"hu"
"2598",2012,"Malta","Total","Total","From 15 to 64 years","Unknown","Thousand",0,"mt"
"2604",2012,"Malta","Males","Total","From 15 to 64 years","Unknown","Thousand",0,"mt"
"2610",2012,"Malta","Females","Total","From 15 to 64 years","Unknown","Thousand",0,"mt"
"2616",2012,"Netherlands","Total","Total","From 15 to 64 years","Unknown","Thousand",0,"nl"
"2622",2012,"Netherlands","Males","Total","From 15 to 64 years","Unknown","Thousand",0,"nl"
"2628",2012,"Netherlands","Females","Total","From 15 to 64 years","Unknown","Thousand",0,"nl"
"2634",2012,"Austria","Total","Total","From 15 to 64 years","Unknown","Thousand",0,"at"
"2640",2012,"Austria","Males","Total","From 15 to 64 years","Unknown","Thousand",0,"at"
"2646",2012,"Austria","Females","Total","From 15 to 64 years","Unknown","Thousand",0,"at"
"2652",2012,"Poland","Total","Total","From 15 to 64 years","Unknown","Thousand",0,"pl"
"2658",2012,"Poland","Males","Total","From 15 to 64 years","Unknown","Thousand",0,"pl"
"2664",2012,"Poland","Females","Total","From 15 to 64 years","Unknown","Thousand",0,"pl"
"2670",2012,"Portugal","Total","Total","From 15 to 64 years","Unknown","Thousand",0,"pt"
"2676",2012,"Portugal","Males","Total","From 15 to 64 years","Unknown","Thousand",0,"pt"
"2682",2012,"Portugal","Females","Total","From 15 to 64 years","Unknown","Thousand",0,"pt"
"2688",2012,"Romania","Total","Total","From 15 to 64 years","Unknown","Thousand",0,"ro"
"2694",2012,"Romania","Males","Total","From 15 to 64 years","Unknown","Thousand",0,"ro"
"2700",2012,"Romania","Females","Total","From 15 to 64 years","Unknown","Thousand",0,"ro"
"2706",2012,"Slovenia","Total","Total","From 15 to 64 years","Unknown","Thousand",0,"si"
"2712",2012,"Slovenia","Males","Total","From 15 to 64 years","Unknown","Thousand",0,"si"
"2718",2012,"Slovenia","Females","Total","From 15 to 64 years","Unknown","Thousand",0,"si"
"2724",2012,"Slovakia","Total","Total","From 15 to 64 years","Unknown","Thousand",0,"sk"
"2730",2012,"Slovakia","Males","Total","From 15 to 64 years","Unknown","Thousand",0,"sk"
"2736",2012,"Slovakia","Females","Total","From 15 to 64 years","Unknown","Thousand",0,"sk"
"2742",2012,"Finland","Total","Total","From 15 to 64 years","Unknown","Thousand",0,"fi"
"2748",2012,"Finland","Males","Total","From 15 to 64 years","Unknown","Thousand",0,"fi"
"2754",2012,"Finland","Females","Total","From 15 to 64 years","Unknown","Thousand",0,"fi"
"2760",2012,"Sweden","Total","Total","From 15 to 64 years","Unknown","Thousand",0,"se"
"2766",2012,"Sweden","Males","Total","From 15 to 64 years","Unknown","Thousand",0,"se"
"2772",2012,"Sweden","Females","Total","From 15 to 64 years","Unknown","Thousand",0,"se"
"2778",2012,"Iceland","Total","Total","From 15 to 64 years","Unknown","Thousand",0,"is"
"2784",2012,"Iceland","Males","Total","From 15 to 64 years","Unknown","Thousand",0,"is"
"2790",2012,"Iceland","Females","Total","From 15 to 64 years","Unknown","Thousand",0,"is"
"2796",2012,"Norway","Total","Total","From 15 to 64 years","Unknown","Thousand",0,"no"
"2802",2012,"Norway","Males","Total","From 15 to 64 years","Unknown","Thousand",0,"no"
"2808",2012,"Norway","Females","Total","From 15 to 64 years","Unknown","Thousand",0,"no"
"2814",2012,"Switzerland","Total","Total","From 15 to 64 years","Unknown","Thousand",0,"ch"
"2820",2012,"Switzerland","Males","Total","From 15 to 64 years","Unknown","Thousand",0,"ch"
"2826",2012,"Switzerland","Females","Total","From 15 to 64 years","Unknown","Thousand",0,"ch"
"2832",2012,"Montenegro","Total","Total","From 15 to 64 years","Unknown","Thousand",0,"me"
"2838",2012,"Montenegro","Males","Total","From 15 to 64 years","Unknown","Thousand",0,"me"
"2844",2012,"Montenegro","Females","Total","From 15 to 64 years","Unknown","Thousand",0,"me"
"2850",2012,"Serbia","Total","Total","From 15 to 64 years","Unknown","Thousand",0,"rs"
"2856",2012,"Serbia","Males","Total","From 15 to 64 years","Unknown","Thousand",0,"rs"
"2862",2012,"Serbia","Females","Total","From 15 to 64 years","Unknown","Thousand",0,"rs"
"2868",2012,"Turkey","Total","Total","From 15 to 64 years","Unknown","Thousand",0,"tr"
"2874",2012,"Turkey","Males","Total","From 15 to 64 years","Unknown","Thousand",0,"tr"
"2880",2012,"Turkey","Females","Total","From 15 to 64 years","Unknown","Thousand",0,"tr"
"2886",2013,"Belgium","Total","Total","From 15 to 64 years","Unknown","Thousand",0,"be"
"2892",2013,"Belgium","Males","Total","From 15 to 64 years","Unknown","Thousand",0,"be"
"2898",2013,"Belgium","Females","Total","From 15 to 64 years","Unknown","Thousand",0,"be"
"2904",2013,"Bulgaria","Total","Total","From 15 to 64 years","Unknown","Thousand",0,"bg"
"2910",2013,"Bulgaria","Males","Total","From 15 to 64 years","Unknown","Thousand",0,"bg"
"2916",2013,"Bulgaria","Females","Total","From 15 to 64 years","Unknown","Thousand",0,"bg"
"2922",2013,"Czechia","Total","Total","From 15 to 64 years","Unknown","Thousand",0,"cz"
"2928",2013,"Czechia","Males","Total","From 15 to 64 years","Unknown","Thousand",0,"cz"
"2934",2013,"Czechia","Females","Total","From 15 to 64 years","Unknown","Thousand",0,"cz"
"2940",2013,"Denmark","Total","Total","From 15 to 64 years","Unknown","Thousand",0,"dk"
"2946",2013,"Denmark","Males","Total","From 15 to 64 years","Unknown","Thousand",0,"dk"
"2952",2013,"Denmark","Females","Total","From 15 to 64 years","Unknown","Thousand",0,"dk"
"2958",2013,"Estonia","Total","Total","From 15 to 64 years","Unknown","Thousand",0,"ee"
"2964",2013,"Estonia","Males","Total","From 15 to 64 years","Unknown","Thousand",0,"ee"
"2970",2013,"Estonia","Females","Total","From 15 to 64 years","Unknown","Thousand",0,"ee"
"2976",2013,"Ireland","Total","Total","From 15 to 64 years","Unknown","Thousand",0,"ie"
"2982",2013,"Ireland","Males","Total","From 15 to 64 years","Unknown","Thousand",0,"ie"
"2988",2013,"Ireland","Females","Total","From 15 to 64 years","Unknown","Thousand",0,"ie"
"2994",2013,"Greece","Total","Total","From 15 to 64 years","Unknown","Thousand",0,"gr"
"3000",2013,"Greece","Males","Total","From 15 to 64 years","Unknown","Thousand",0,"gr"
"3006",2013,"Greece","Females","Total","From 15 to 64 years","Unknown","Thousand",0,"gr"
"3012",2013,"Spain","Total","Total","From 15 to 64 years","Unknown","Thousand",0,"es"
"3018",2013,"Spain","Males","Total","From 15 to 64 years","Unknown","Thousand",0,"es"
"3024",2013,"Spain","Females","Total","From 15 to 64 years","Unknown","Thousand",0,"es"
"3030",2013,"France","Total","Total","From 15 to 64 years","Unknown","Thousand",0,"fr"
"3036",2013,"France","Males","Total","From 15 to 64 years","Unknown","Thousand",0,"fr"
"3042",2013,"France","Females","Total","From 15 to 64 years","Unknown","Thousand",0,"fr"
"3048",2013,"Croatia","Total","Total","From 15 to 64 years","Unknown","Thousand",0,"hr"
"3054",2013,"Croatia","Males","Total","From 15 to 64 years","Unknown","Thousand",0,"hr"
"3060",2013,"Croatia","Females","Total","From 15 to 64 years","Unknown","Thousand",0,"hr"
"3066",2013,"Italy","Total","Total","From 15 to 64 years","Unknown","Thousand",0,"it"
"3072",2013,"Italy","Males","Total","From 15 to 64 years","Unknown","Thousand",0,"it"
"3078",2013,"Italy","Females","Total","From 15 to 64 years","Unknown","Thousand",0,"it"
"3084",2013,"Cyprus","Total","Total","From 15 to 64 years","Unknown","Thousand",0,"cy"
"3090",2013,"Cyprus","Males","Total","From 15 to 64 years","Unknown","Thousand",0,"cy"
"3096",2013,"Cyprus","Females","Total","From 15 to 64 years","Unknown","Thousand",0,"cy"
"3102",2013,"Latvia","Total","Total","From 15 to 64 years","Unknown","Thousand",0,"lv"
"3108",2013,"Latvia","Males","Total","From 15 to 64 years","Unknown","Thousand",0,"lv"
"3114",2013,"Latvia","Females","Total","From 15 to 64 years","Unknown","Thousand",0,"lv"
"3120",2013,"Lithuania","Total","Total","From 15 to 64 years","Unknown","Thousand",0,"lt"
"3126",2013,"Lithuania","Males","Total","From 15 to 64 years","Unknown","Thousand",0,"lt"
"3132",2013,"Lithuania","Females","Total","From 15 to 64 years","Unknown","Thousand",0,"lt"
"3138",2013,"Luxembourg","Total","Total","From 15 to 64 years","Unknown","Thousand",0,"lu"
"3144",2013,"Luxembourg","Males","Total","From 15 to 64 years","Unknown","Thousand",0,"lu"
"3150",2013,"Luxembourg","Females","Total","From 15 to 64 years","Unknown","Thousand",0,"lu"
"3156",2013,"Hungary","Total","Total","From 15 to 64 years","Unknown","Thousand",0,"hu"
"3162",2013,"Hungary","Males","Total","From 15 to 64 years","Unknown","Thousand",0,"hu"
"3168",2013,"Hungary","Females","Total","From 15 to 64 years","Unknown","Thousand",0,"hu"
"3174",2013,"Malta","Total","Total","From 15 to 64 years","Unknown","Thousand",0,"mt"
"3180",2013,"Malta","Males","Total","From 15 to 64 years","Unknown","Thousand",0,"mt"
"3186",2013,"Malta","Females","Total","From 15 to 64 years","Unknown","Thousand",0,"mt"
"3192",2013,"Netherlands","Total","Total","From 15 to 64 years","Unknown","Thousand",0,"nl"
"3198",2013,"Netherlands","Males","Total","From 15 to 64 years","Unknown","Thousand",0,"nl"
"3204",2013,"Netherlands","Females","Total","From 15 to 64 years","Unknown","Thousand",0,"nl"
"3210",2013,"Austria","Total","Total","From 15 to 64 years","Unknown","Thousand",0,"at"
"3216",2013,"Austria","Males","Total","From 15 to 64 years","Unknown","Thousand",0,"at"
"3222",2013,"Austria","Females","Total","From 15 to 64 years","Unknown","Thousand",0,"at"
"3228",2013,"Poland","Total","Total","From 15 to 64 years","Unknown","Thousand",0,"pl"
"3234",2013,"Poland","Males","Total","From 15 to 64 years","Unknown","Thousand",0,"pl"
"3240",2013,"Poland","Females","Total","From 15 to 64 years","Unknown","Thousand",0,"pl"
"3246",2013,"Portugal","Total","Total","From 15 to 64 years","Unknown","Thousand",0,"pt"
"3252",2013,"Portugal","Males","Total","From 15 to 64 years","Unknown","Thousand",0,"pt"
"3258",2013,"Portugal","Females","Total","From 15 to 64 years","Unknown","Thousand",0,"pt"
"3264",2013,"Romania","Total","Total","From 15 to 64 years","Unknown","Thousand",0,"ro"
"3270",2013,"Romania","Males","Total","From 15 to 64 years","Unknown","Thousand",0,"ro"
"3276",2013,"Romania","Females","Total","From 15 to 64 years","Unknown","Thousand",0,"ro"
"3282",2013,"Slovenia","Total","Total","From 15 to 64 years","Unknown","Thousand",0,"si"
"3288",2013,"Slovenia","Males","Total","From 15 to 64 years","Unknown","Thousand",0,"si"
"3294",2013,"Slovenia","Females","Total","From 15 to 64 years","Unknown","Thousand",0,"si"
"3300",2013,"Slovakia","Total","Total","From 15 to 64 years","Unknown","Thousand",0,"sk"
"3306",2013,"Slovakia","Males","Total","From 15 to 64 years","Unknown","Thousand",0,"sk"
"3312",2013,"Slovakia","Females","Total","From 15 to 64 years","Unknown","Thousand",0,"sk"
"3318",2013,"Finland","Total","Total","From 15 to 64 years","Unknown","Thousand",0,"fi"
"3324",2013,"Finland","Males","Total","From 15 to 64 years","Unknown","Thousand",0,"fi"
"3330",2013,"Finland","Females","Total","From 15 to 64 years","Unknown","Thousand",0,"fi"
"3336",2013,"Sweden","Total","Total","From 15 to 64 years","Unknown","Thousand",0,"se"
"3342",2013,"Sweden","Males","Total","From 15 to 64 years","Unknown","Thousand",0,"se"
"3348",2013,"Sweden","Females","Total","From 15 to 64 years","Unknown","Thousand",0,"se"
"3354",2013,"Iceland","Total","Total","From 15 to 64 years","Unknown","Thousand",0,"is"
"3360",2013,"Iceland","Males","Total","From 15 to 64 years","Unknown","Thousand",0,"is"
"3366",2013,"Iceland","Females","Total","From 15 to 64 years","Unknown","Thousand",0,"is"
"3372",2013,"Norway","Total","Total","From 15 to 64 years","Unknown","Thousand",0,"no"
"3378",2013,"Norway","Males","Total","From 15 to 64 years","Unknown","Thousand",0,"no"
"3384",2013,"Norway","Females","Total","From 15 to 64 years","Unknown","Thousand",0,"no"
"3390",2013,"Switzerland","Total","Total","From 15 to 64 years","Unknown","Thousand",0,"ch"
"3396",2013,"Switzerland","Males","Total","From 15 to 64 years","Unknown","Thousand",0,"ch"
"3402",2013,"Switzerland","Females","Total","From 15 to 64 years","Unknown","Thousand",0,"ch"
"3408",2013,"Montenegro","Total","Total","From 15 to 64 years","Unknown","Thousand",0,"me"
"3414",2013,"Montenegro","Males","Total","From 15 to 64 years","Unknown","Thousand",0,"me"
"3420",2013,"Montenegro","Females","Total","From 15 to 64 years","Unknown","Thousand",0,"me"
"3426",2013,"Serbia","Total","Total","From 15 to 64 years","Unknown","Thousand",0,"rs"
"3432",2013,"Serbia","Males","Total","From 15 to 64 years","Unknown","Thousand",0,"rs"
"3438",2013,"Serbia","Females","Total","From 15 to 64 years","Unknown","Thousand",0,"rs"
"3444",2013,"Turkey","Total","Total","From 15 to 64 years","Unknown","Thousand",0,"tr"
"3450",2013,"Turkey","Males","Total","From 15 to 64 years","Unknown","Thousand",0,"tr"
"3456",2013,"Turkey","Females","Total","From 15 to 64 years","Unknown","Thousand",0,"tr"
"3462",2014,"Belgium","Total","Total","From 15 to 64 years","Unknown","Thousand",0,"be"
"3468",2014,"Belgium","Males","Total","From 15 to 64 years","Unknown","Thousand",0,"be"
"3474",2014,"Belgium","Females","Total","From 15 to 64 years","Unknown","Thousand",0,"be"
"3480",2014,"Bulgaria","Total","Total","From 15 to 64 years","Unknown","Thousand",0,"bg"
"3486",2014,"Bulgaria","Males","Total","From 15 to 64 years","Unknown","Thousand",0,"bg"
"3492",2014,"Bulgaria","Females","Total","From 15 to 64 years","Unknown","Thousand",0,"bg"
"3498",2014,"Czechia","Total","Total","From 15 to 64 years","Unknown","Thousand",0,"cz"
"3504",2014,"Czechia","Males","Total","From 15 to 64 years","Unknown","Thousand",0,"cz"
"3510",2014,"Czechia","Females","Total","From 15 to 64 years","Unknown","Thousand",0,"cz"
"3516",2014,"Denmark","Total","Total","From 15 to 64 years","Unknown","Thousand",0,"dk"
"3522",2014,"Denmark","Males","Total","From 15 to 64 years","Unknown","Thousand",0,"dk"
"3528",2014,"Denmark","Females","Total","From 15 to 64 years","Unknown","Thousand",0,"dk"
"3534",2014,"Estonia","Total","Total","From 15 to 64 years","Unknown","Thousand",0,"ee"
"3540",2014,"Estonia","Males","Total","From 15 to 64 years","Unknown","Thousand",0,"ee"
"3546",2014,"Estonia","Females","Total","From 15 to 64 years","Unknown","Thousand",0,"ee"
"3552",2014,"Ireland","Total","Total","From 15 to 64 years","Unknown","Thousand",0,"ie"
"3558",2014,"Ireland","Males","Total","From 15 to 64 years","Unknown","Thousand",0,"ie"
"3564",2014,"Ireland","Females","Total","From 15 to 64 years","Unknown","Thousand",0,"ie"
"3570",2014,"Greece","Total","Total","From 15 to 64 years","Unknown","Thousand",0,"gr"
"3576",2014,"Greece","Males","Total","From 15 to 64 years","Unknown","Thousand",0,"gr"
"3582",2014,"Greece","Females","Total","From 15 to 64 years","Unknown","Thousand",0,"gr"
"3588",2014,"Spain","Total","Total","From 15 to 64 years","Unknown","Thousand",0,"es"
"3594",2014,"Spain","Males","Total","From 15 to 64 years","Unknown","Thousand",0,"es"
"3600",2014,"Spain","Females","Total","From 15 to 64 years","Unknown","Thousand",0,"es"
"3606",2014,"France","Total","Total","From 15 to 64 years","Unknown","Thousand",0,"fr"
"3612",2014,"France","Males","Total","From 15 to 64 years","Unknown","Thousand",0,"fr"
"3618",2014,"France","Females","Total","From 15 to 64 years","Unknown","Thousand",0,"fr"
"3624",2014,"Croatia","Total","Total","From 15 to 64 years","Unknown","Thousand",0,"hr"
"3630",2014,"Croatia","Males","Total","From 15 to 64 years","Unknown","Thousand",0,"hr"
"3636",2014,"Croatia","Females","Total","From 15 to 64 years","Unknown","Thousand",0,"hr"
"3642",2014,"Italy","Total","Total","From 15 to 64 years","Unknown","Thousand",0,"it"
"3648",2014,"Italy","Males","Total","From 15 to 64 years","Unknown","Thousand",0,"it"
"3654",2014,"Italy","Females","Total","From 15 to 64 years","Unknown","Thousand",0,"it"
"3660",2014,"Cyprus","Total","Total","From 15 to 64 years","Unknown","Thousand",0,"cy"
"3666",2014,"Cyprus","Males","Total","From 15 to 64 years","Unknown","Thousand",0,"cy"
"3672",2014,"Cyprus","Females","Total","From 15 to 64 years","Unknown","Thousand",0,"cy"
"3678",2014,"Latvia","Total","Total","From 15 to 64 years","Unknown","Thousand",0,"lv"
"3684",2014,"Latvia","Males","Total","From 15 to 64 years","Unknown","Thousand",0,"lv"
"3690",2014,"Latvia","Females","Total","From 15 to 64 years","Unknown","Thousand",0,"lv"
"3696",2014,"Lithuania","Total","Total","From 15 to 64 years","Unknown","Thousand",0,"lt"
"3702",2014,"Lithuania","Males","Total","From 15 to 64 years","Unknown","Thousand",0,"lt"
"3708",2014,"Lithuania","Females","Total","From 15 to 64 years","Unknown","Thousand",0,"lt"
"3714",2014,"Luxembourg","Total","Total","From 15 to 64 years","Unknown","Thousand",0,"lu"
"3720",2014,"Luxembourg","Males","Total","From 15 to 64 years","Unknown","Thousand",0,"lu"
"3726",2014,"Luxembourg","Females","Total","From 15 to 64 years","Unknown","Thousand",0,"lu"
"3732",2014,"Hungary","Total","Total","From 15 to 64 years","Unknown","Thousand",0,"hu"
"3738",2014,"Hungary","Males","Total","From 15 to 64 years","Unknown","Thousand",0,"hu"
"3744",2014,"Hungary","Females","Total","From 15 to 64 years","Unknown","Thousand",0,"hu"
"3750",2014,"Malta","Total","Total","From 15 to 64 years","Unknown","Thousand",0,"mt"
"3756",2014,"Malta","Males","Total","From 15 to 64 years","Unknown","Thousand",0,"mt"
"3762",2014,"Malta","Females","Total","From 15 to 64 years","Unknown","Thousand",0,"mt"
"3768",2014,"Netherlands","Total","Total","From 15 to 64 years","Unknown","Thousand",0,"nl"
"3774",2014,"Netherlands","Males","Total","From 15 to 64 years","Unknown","Thousand",0,"nl"
"3780",2014,"Netherlands","Females","Total","From 15 to 64 years","Unknown","Thousand",0,"nl"
"3786",2014,"Austria","Total","Total","From 15 to 64 years","Unknown","Thousand",0,"at"
"3792",2014,"Austria","Males","Total","From 15 to 64 years","Unknown","Thousand",0,"at"
"3798",2014,"Austria","Females","Total","From 15 to 64 years","Unknown","Thousand",0,"at"
"3804",2014,"Poland","Total","Total","From 15 to 64 years","Unknown","Thousand",0,"pl"
"3810",2014,"Poland","Males","Total","From 15 to 64 years","Unknown","Thousand",0,"pl"
"3816",2014,"Poland","Females","Total","From 15 to 64 years","Unknown","Thousand",0,"pl"
"3822",2014,"Portugal","Total","Total","From 15 to 64 years","Unknown","Thousand",0,"pt"
"3828",2014,"Portugal","Males","Total","From 15 to 64 years","Unknown","Thousand",0,"pt"
"3834",2014,"Portugal","Females","Total","From 15 to 64 years","Unknown","Thousand",0,"pt"
"3840",2014,"Romania","Total","Total","From 15 to 64 years","Unknown","Thousand",0,"ro"
"3846",2014,"Romania","Males","Total","From 15 to 64 years","Unknown","Thousand",0,"ro"
"3852",2014,"Romania","Females","Total","From 15 to 64 years","Unknown","Thousand",0,"ro"
"3858",2014,"Slovenia","Total","Total","From 15 to 64 years","Unknown","Thousand",0,"si"
"3864",2014,"Slovenia","Males","Total","From 15 to 64 years","Unknown","Thousand",0,"si"
"3870",2014,"Slovenia","Females","Total","From 15 to 64 years","Unknown","Thousand",0,"si"
"3876",2014,"Slovakia","Total","Total","From 15 to 64 years","Unknown","Thousand",0,"sk"
"3882",2014,"Slovakia","Males","Total","From 15 to 64 years","Unknown","Thousand",0,"sk"
"3888",2014,"Slovakia","Females","Total","From 15 to 64 years","Unknown","Thousand",0,"sk"
"3894",2014,"Finland","Total","Total","From 15 to 64 years","Unknown","Thousand",0,"fi"
"3900",2014,"Finland","Males","Total","From 15 to 64 years","Unknown","Thousand",0,"fi"
"3906",2014,"Finland","Females","Total","From 15 to 64 years","Unknown","Thousand",0,"fi"
"3912",2014,"Sweden","Total","Total","From 15 to 64 years","Unknown","Thousand",0,"se"
"3918",2014,"Sweden","Males","Total","From 15 to 64 years","Unknown","Thousand",0,"se"
"3924",2014,"Sweden","Females","Total","From 15 to 64 years","Unknown","Thousand",0,"se"
"3930",2014,"Iceland","Total","Total","From 15 to 64 years","Unknown","Thousand",0,"is"
"3936",2014,"Iceland","Males","Total","From 15 to 64 years","Unknown","Thousand",0,"is"
"3942",2014,"Iceland","Females","Total","From 15 to 64 years","Unknown","Thousand",0,"is"
"3948",2014,"Norway","Total","Total","From 15 to 64 years","Unknown","Thousand",0,"no"
"3954",2014,"Norway","Males","Total","From 15 to 64 years","Unknown","Thousand",0,"no"
"3960",2014,"Norway","Females","Total","From 15 to 64 years","Unknown","Thousand",0,"no"
"3966",2014,"Switzerland","Total","Total","From 15 to 64 years","Unknown","Thousand",0,"ch"
"3972",2014,"Switzerland","Males","Total","From 15 to 64 years","Unknown","Thousand",0,"ch"
"3978",2014,"Switzerland","Females","Total","From 15 to 64 years","Unknown","Thousand",0,"ch"
"3984",2014,"Montenegro","Total","Total","From 15 to 64 years","Unknown","Thousand",0,"me"
"3990",2014,"Montenegro","Males","Total","From 15 to 64 years","Unknown","Thousand",0,"me"
"3996",2014,"Montenegro","Females","Total","From 15 to 64 years","Unknown","Thousand",0,"me"
"4002",2014,"Serbia","Total","Total","From 15 to 64 years","Unknown","Thousand",0,"rs"
"4008",2014,"Serbia","Males","Total","From 15 to 64 years","Unknown","Thousand",0,"rs"
"4014",2014,"Serbia","Females","Total","From 15 to 64 years","Unknown","Thousand",0,"rs"
"4020",2014,"Turkey","Total","Total","From 15 to 64 years","Unknown","Thousand",0,"tr"
"4026",2014,"Turkey","Males","Total","From 15 to 64 years","Unknown","Thousand",0,"tr"
"4032",2014,"Turkey","Females","Total","From 15 to 64 years","Unknown","Thousand",0,"tr"
"4038",2015,"Belgium","Total","Total","From 15 to 64 years","Unknown","Thousand",0,"be"
"4044",2015,"Belgium","Males","Total","From 15 to 64 years","Unknown","Thousand",0,"be"
"4050",2015,"Belgium","Females","Total","From 15 to 64 years","Unknown","Thousand",0,"be"
"4056",2015,"Bulgaria","Total","Total","From 15 to 64 years","Unknown","Thousand",0,"bg"
"4062",2015,"Bulgaria","Males","Total","From 15 to 64 years","Unknown","Thousand",0,"bg"
"4068",2015,"Bulgaria","Females","Total","From 15 to 64 years","Unknown","Thousand",0,"bg"
"4074",2015,"Czechia","Total","Total","From 15 to 64 years","Unknown","Thousand",0,"cz"
"4080",2015,"Czechia","Males","Total","From 15 to 64 years","Unknown","Thousand",0,"cz"
"4086",2015,"Czechia","Females","Total","From 15 to 64 years","Unknown","Thousand",0,"cz"
"4092",2015,"Denmark","Total","Total","From 15 to 64 years","Unknown","Thousand",0,"dk"
"4098",2015,"Denmark","Males","Total","From 15 to 64 years","Unknown","Thousand",0,"dk"
"4104",2015,"Denmark","Females","Total","From 15 to 64 years","Unknown","Thousand",0,"dk"
"4110",2015,"Estonia","Total","Total","From 15 to 64 years","Unknown","Thousand",0,"ee"
"4116",2015,"Estonia","Males","Total","From 15 to 64 years","Unknown","Thousand",0,"ee"
"4122",2015,"Estonia","Females","Total","From 15 to 64 years","Unknown","Thousand",0,"ee"
"4128",2015,"Ireland","Total","Total","From 15 to 64 years","Unknown","Thousand",0,"ie"
"4134",2015,"Ireland","Males","Total","From 15 to 64 years","Unknown","Thousand",0,"ie"
"4140",2015,"Ireland","Females","Total","From 15 to 64 years","Unknown","Thousand",0,"ie"
"4146",2015,"Greece","Total","Total","From 15 to 64 years","Unknown","Thousand",0,"gr"
"4152",2015,"Greece","Males","Total","From 15 to 64 years","Unknown","Thousand",0,"gr"
"4158",2015,"Greece","Females","Total","From 15 to 64 years","Unknown","Thousand",0,"gr"
"4164",2015,"Spain","Total","Total","From 15 to 64 years","Unknown","Thousand",0,"es"
"4170",2015,"Spain","Males","Total","From 15 to 64 years","Unknown","Thousand",0,"es"
"4176",2015,"Spain","Females","Total","From 15 to 64 years","Unknown","Thousand",0,"es"
"4182",2015,"France","Total","Total","From 15 to 64 years","Unknown","Thousand",0,"fr"
"4188",2015,"France","Males","Total","From 15 to 64 years","Unknown","Thousand",0,"fr"
"4194",2015,"France","Females","Total","From 15 to 64 years","Unknown","Thousand",0,"fr"
"4200",2015,"Croatia","Total","Total","From 15 to 64 years","Unknown","Thousand",0,"hr"
"4206",2015,"Croatia","Males","Total","From 15 to 64 years","Unknown","Thousand",0,"hr"
"4212",2015,"Croatia","Females","Total","From 15 to 64 years","Unknown","Thousand",0,"hr"
"4218",2015,"Italy","Total","Total","From 15 to 64 years","Unknown","Thousand",0,"it"
"4224",2015,"Italy","Males","Total","From 15 to 64 years","Unknown","Thousand",0,"it"
"4230",2015,"Italy","Females","Total","From 15 to 64 years","Unknown","Thousand",0,"it"
"4236",2015,"Cyprus","Total","Total","From 15 to 64 years","Unknown","Thousand",0,"cy"
"4242",2015,"Cyprus","Males","Total","From 15 to 64 years","Unknown","Thousand",0,"cy"
"4248",2015,"Cyprus","Females","Total","From 15 to 64 years","Unknown","Thousand",0,"cy"
"4254",2015,"Latvia","Total","Total","From 15 to 64 years","Unknown","Thousand",0,"lv"
"4260",2015,"Latvia","Males","Total","From 15 to 64 years","Unknown","Thousand",0,"lv"
"4266",2015,"Latvia","Females","Total","From 15 to 64 years","Unknown","Thousand",0,"lv"
"4272",2015,"Lithuania","Total","Total","From 15 to 64 years","Unknown","Thousand",0,"lt"
"4278",2015,"Lithuania","Males","Total","From 15 to 64 years","Unknown","Thousand",0,"lt"
"4284",2015,"Lithuania","Females","Total","From 15 to 64 years","Unknown","Thousand",0,"lt"
"4290",2015,"Luxembourg","Total","Total","From 15 to 64 years","Unknown","Thousand",0,"lu"
"4296",2015,"Luxembourg","Males","Total","From 15 to 64 years","Unknown","Thousand",0,"lu"
"4302",2015,"Luxembourg","Females","Total","From 15 to 64 years","Unknown","Thousand",0,"lu"
"4308",2015,"Hungary","Total","Total","From 15 to 64 years","Unknown","Thousand",0,"hu"
"4314",2015,"Hungary","Males","Total","From 15 to 64 years","Unknown","Thousand",0,"hu"
"4320",2015,"Hungary","Females","Total","From 15 to 64 years","Unknown","Thousand",0,"hu"
"4326",2015,"Malta","Total","Total","From 15 to 64 years","Unknown","Thousand",0,"mt"
"4332",2015,"Malta","Males","Total","From 15 to 64 years","Unknown","Thousand",0,"mt"
"4338",2015,"Malta","Females","Total","From 15 to 64 years","Unknown","Thousand",0,"mt"
"4344",2015,"Netherlands","Total","Total","From 15 to 64 years","Unknown","Thousand",0,"nl"
"4350",2015,"Netherlands","Males","Total","From 15 to 64 years","Unknown","Thousand",0,"nl"
"4356",2015,"Netherlands","Females","Total","From 15 to 64 years","Unknown","Thousand",0,"nl"
"4362",2015,"Austria","Total","Total","From 15 to 64 years","Unknown","Thousand",0,"at"
"4368",2015,"Austria","Males","Total","From 15 to 64 years","Unknown","Thousand",0,"at"
"4374",2015,"Austria","Females","Total","From 15 to 64 years","Unknown","Thousand",0,"at"
"4380",2015,"Poland","Total","Total","From 15 to 64 years","Unknown","Thousand",0,"pl"
"4386",2015,"Poland","Males","Total","From 15 to 64 years","Unknown","Thousand",0,"pl"
"4392",2015,"Poland","Females","Total","From 15 to 64 years","Unknown","Thousand",0,"pl"
"4398",2015,"Portugal","Total","Total","From 15 to 64 years","Unknown","Thousand",0,"pt"
"4404",2015,"Portugal","Males","Total","From 15 to 64 years","Unknown","Thousand",0,"pt"
"4410",2015,"Portugal","Females","Total","From 15 to 64 years","Unknown","Thousand",0,"pt"
"4416",2015,"Romania","Total","Total","From 15 to 64 years","Unknown","Thousand",0,"ro"
"4422",2015,"Romania","Males","Total","From 15 to 64 years","Unknown","Thousand",0,"ro"
"4428",2015,"Romania","Females","Total","From 15 to 64 years","Unknown","Thousand",0,"ro"
"4434",2015,"Slovenia","Total","Total","From 15 to 64 years","Unknown","Thousand",0,"si"
"4440",2015,"Slovenia","Males","Total","From 15 to 64 years","Unknown","Thousand",0,"si"
"4446",2015,"Slovenia","Females","Total","From 15 to 64 years","Unknown","Thousand",0,"si"
"4452",2015,"Slovakia","Total","Total","From 15 to 64 years","Unknown","Thousand",0,"sk"
"4458",2015,"Slovakia","Males","Total","From 15 to 64 years","Unknown","Thousand",0,"sk"
"4464",2015,"Slovakia","Females","Total","From 15 to 64 years","Unknown","Thousand",0,"sk"
"4470",2015,"Finland","Total","Total","From 15 to 64 years","Unknown","Thousand",0,"fi"
"4476",2015,"Finland","Males","Total","From 15 to 64 years","Unknown","Thousand",0,"fi"
"4482",2015,"Finland","Females","Total","From 15 to 64 years","Unknown","Thousand",0,"fi"
"4488",2015,"Sweden","Total","Total","From 15 to 64 years","Unknown","Thousand",0,"se"
"4494",2015,"Sweden","Males","Total","From 15 to 64 years","Unknown","Thousand",0,"se"
"4500",2015,"Sweden","Females","Total","From 15 to 64 years","Unknown","Thousand",0,"se"
"4506",2015,"Iceland","Total","Total","From 15 to 64 years","Unknown","Thousand",0,"is"
"4512",2015,"Iceland","Males","Total","From 15 to 64 years","Unknown","Thousand",0,"is"
"4518",2015,"Iceland","Females","Total","From 15 to 64 years","Unknown","Thousand",0,"is"
"4524",2015,"Norway","Total","Total","From 15 to 64 years","Unknown","Thousand",0,"no"
"4530",2015,"Norway","Males","Total","From 15 to 64 years","Unknown","Thousand",0,"no"
"4536",2015,"Norway","Females","Total","From 15 to 64 years","Unknown","Thousand",0,"no"
"4542",2015,"Switzerland","Total","Total","From 15 to 64 years","Unknown","Thousand",0,"ch"
"4548",2015,"Switzerland","Males","Total","From 15 to 64 years","Unknown","Thousand",0,"ch"
"4554",2015,"Switzerland","Females","Total","From 15 to 64 years","Unknown","Thousand",0,"ch"
"4560",2015,"Montenegro","Total","Total","From 15 to 64 years","Unknown","Thousand",0,"me"
"4566",2015,"Montenegro","Males","Total","From 15 to 64 years","Unknown","Thousand",0,"me"
"4572",2015,"Montenegro","Females","Total","From 15 to 64 years","Unknown","Thousand",0,"me"
"4578",2015,"Serbia","Total","Total","From 15 to 64 years","Unknown","Thousand",0,"rs"
"4584",2015,"Serbia","Males","Total","From 15 to 64 years","Unknown","Thousand",0,"rs"
"4590",2015,"Serbia","Females","Total","From 15 to 64 years","Unknown","Thousand",0,"rs"
"4596",2015,"Turkey","Total","Total","From 15 to 64 years","Unknown","Thousand",0,"tr"
"4602",2015,"Turkey","Males","Total","From 15 to 64 years","Unknown","Thousand",0,"tr"
"4608",2015,"Turkey","Females","Total","From 15 to 64 years","Unknown","Thousand",0,"tr"
"4614",2016,"Belgium","Total","Total","From 15 to 64 years","Unknown","Thousand",0,"be"
"4620",2016,"Belgium","Males","Total","From 15 to 64 years","Unknown","Thousand",0,"be"
"4626",2016,"Belgium","Females","Total","From 15 to 64 years","Unknown","Thousand",0,"be"
"4632",2016,"Bulgaria","Total","Total","From 15 to 64 years","Unknown","Thousand",0,"bg"
"4638",2016,"Bulgaria","Males","Total","From 15 to 64 years","Unknown","Thousand",0,"bg"
"4644",2016,"Bulgaria","Females","Total","From 15 to 64 years","Unknown","Thousand",0,"bg"
"4650",2016,"Czechia","Total","Total","From 15 to 64 years","Unknown","Thousand",0,"cz"
"4656",2016,"Czechia","Males","Total","From 15 to 64 years","Unknown","Thousand",0,"cz"
"4662",2016,"Czechia","Females","Total","From 15 to 64 years","Unknown","Thousand",0,"cz"
"4668",2016,"Denmark","Total","Total","From 15 to 64 years","Unknown","Thousand",0,"dk"
"4674",2016,"Denmark","Males","Total","From 15 to 64 years","Unknown","Thousand",0,"dk"
"4680",2016,"Denmark","Females","Total","From 15 to 64 years","Unknown","Thousand",0,"dk"
"4686",2016,"Estonia","Total","Total","From 15 to 64 years","Unknown","Thousand",0,"ee"
"4692",2016,"Estonia","Males","Total","From 15 to 64 years","Unknown","Thousand",0,"ee"
"4698",2016,"Estonia","Females","Total","From 15 to 64 years","Unknown","Thousand",0,"ee"
"4704",2016,"Ireland","Total","Total","From 15 to 64 years","Unknown","Thousand",0,"ie"
"4710",2016,"Ireland","Males","Total","From 15 to 64 years","Unknown","Thousand",0,"ie"
"4716",2016,"Ireland","Females","Total","From 15 to 64 years","Unknown","Thousand",0,"ie"
"4722",2016,"Greece","Total","Total","From 15 to 64 years","Unknown","Thousand",0,"gr"
"4728",2016,"Greece","Males","Total","From 15 to 64 years","Unknown","Thousand",0,"gr"
"4734",2016,"Greece","Females","Total","From 15 to 64 years","Unknown","Thousand",0,"gr"
"4740",2016,"Spain","Total","Total","From 15 to 64 years","Unknown","Thousand",0,"es"
"4746",2016,"Spain","Males","Total","From 15 to 64 years","Unknown","Thousand",0,"es"
"4752",2016,"Spain","Females","Total","From 15 to 64 years","Unknown","Thousand",0,"es"
"4758",2016,"France","Total","Total","From 15 to 64 years","Unknown","Thousand",0,"fr"
"4764",2016,"France","Males","Total","From 15 to 64 years","Unknown","Thousand",0,"fr"
"4770",2016,"France","Females","Total","From 15 to 64 years","Unknown","Thousand",0,"fr"
"4776",2016,"Croatia","Total","Total","From 15 to 64 years","Unknown","Thousand",0,"hr"
"4782",2016,"Croatia","Males","Total","From 15 to 64 years","Unknown","Thousand",0,"hr"
"4788",2016,"Croatia","Females","Total","From 15 to 64 years","Unknown","Thousand",0,"hr"
"4794",2016,"Italy","Total","Total","From 15 to 64 years","Unknown","Thousand",0,"it"
"4800",2016,"Italy","Males","Total","From 15 to 64 years","Unknown","Thousand",0,"it"
"4806",2016,"Italy","Females","Total","From 15 to 64 years","Unknown","Thousand",0,"it"
"4812",2016,"Cyprus","Total","Total","From 15 to 64 years","Unknown","Thousand",0,"cy"
"4818",2016,"Cyprus","Males","Total","From 15 to 64 years","Unknown","Thousand",0,"cy"
"4824",2016,"Cyprus","Females","Total","From 15 to 64 years","Unknown","Thousand",0,"cy"
"4830",2016,"Latvia","Total","Total","From 15 to 64 years","Unknown","Thousand",0,"lv"
"4836",2016,"Latvia","Males","Total","From 15 to 64 years","Unknown","Thousand",0,"lv"
"4842",2016,"Latvia","Females","Total","From 15 to 64 years","Unknown","Thousand",0,"lv"
"4848",2016,"Lithuania","Total","Total","From 15 to 64 years","Unknown","Thousand",0,"lt"
"4854",2016,"Lithuania","Males","Total","From 15 to 64 years","Unknown","Thousand",0,"lt"
"4860",2016,"Lithuania","Females","Total","From 15 to 64 years","Unknown","Thousand",0,"lt"
"4866",2016,"Luxembourg","Total","Total","From 15 to 64 years","Unknown","Thousand",0,"lu"
"4872",2016,"Luxembourg","Males","Total","From 15 to 64 years","Unknown","Thousand",0,"lu"
"4878",2016,"Luxembourg","Females","Total","From 15 to 64 years","Unknown","Thousand",0,"lu"
"4884",2016,"Hungary","Total","Total","From 15 to 64 years","Unknown","Thousand",0,"hu"
"4890",2016,"Hungary","Males","Total","From 15 to 64 years","Unknown","Thousand",0,"hu"
"4896",2016,"Hungary","Females","Total","From 15 to 64 years","Unknown","Thousand",0,"hu"
"4902",2016,"Malta","Total","Total","From 15 to 64 years","Unknown","Thousand",0,"mt"
"4908",2016,"Malta","Males","Total","From 15 to 64 years","Unknown","Thousand",0,"mt"
"4914",2016,"Malta","Females","Total","From 15 to 64 years","Unknown","Thousand",0,"mt"
"4920",2016,"Netherlands","Total","Total","From 15 to 64 years","Unknown","Thousand",0,"nl"
"4926",2016,"Netherlands","Males","Total","From 15 to 64 years","Unknown","Thousand",0,"nl"
"4932",2016,"Netherlands","Females","Total","From 15 to 64 years","Unknown","Thousand",0,"nl"
"4938",2016,"Austria","Total","Total","From 15 to 64 years","Unknown","Thousand",0,"at"
"4944",2016,"Austria","Males","Total","From 15 to 64 years","Unknown","Thousand",0,"at"
"4950",2016,"Austria","Females","Total","From 15 to 64 years","Unknown","Thousand",0,"at"
"4956",2016,"Poland","Total","Total","From 15 to 64 years","Unknown","Thousand",0,"pl"
"4962",2016,"Poland","Males","Total","From 15 to 64 years","Unknown","Thousand",0,"pl"
"4968",2016,"Poland","Females","Total","From 15 to 64 years","Unknown","Thousand",0,"pl"
"4974",2016,"Portugal","Total","Total","From 15 to 64 years","Unknown","Thousand",0,"pt"
"4980",2016,"Portugal","Males","Total","From 15 to 64 years","Unknown","Thousand",0,"pt"
"4986",2016,"Portugal","Females","Total","From 15 to 64 years","Unknown","Thousand",0,"pt"
"4992",2016,"Romania","Total","Total","From 15 to 64 years","Unknown","Thousand",0,"ro"
"4998",2016,"Romania","Males","Total","From 15 to 64 years","Unknown","Thousand",0,"ro"
"5004",2016,"Romania","Females","Total","From 15 to 64 years","Unknown","Thousand",0,"ro"
"5010",2016,"Slovenia","Total","Total","From 15 to 64 years","Unknown","Thousand",0,"si"
"5016",2016,"Slovenia","Males","Total","From 15 to 64 years","Unknown","Thousand",0,"si"
"5022",2016,"Slovenia","Females","Total","From 15 to 64 years","Unknown","Thousand",0,"si"
"5028",2016,"Slovakia","Total","Total","From 15 to 64 years","Unknown","Thousand",0,"sk"
"5034",2016,"Slovakia","Males","Total","From 15 to 64 years","Unknown","Thousand",0,"sk"
"5040",2016,"Slovakia","Females","Total","From 15 to 64 years","Unknown","Thousand",0,"sk"
"5046",2016,"Finland","Total","Total","From 15 to 64 years","Unknown","Thousand",0,"fi"
"5052",2016,"Finland","Males","Total","From 15 to 64 years","Unknown","Thousand",0,"fi"
"5058",2016,"Finland","Females","Total","From 15 to 64 years","Unknown","Thousand",0,"fi"
"5064",2016,"Sweden","Total","Total","From 15 to 64 years","Unknown","Thousand",0,"se"
"5070",2016,"Sweden","Males","Total","From 15 to 64 years","Unknown","Thousand",0,"se"
"5076",2016,"Sweden","Females","Total","From 15 to 64 years","Unknown","Thousand",0,"se"
"5082",2016,"Iceland","Total","Total","From 15 to 64 years","Unknown","Thousand",0,"is"
"5088",2016,"Iceland","Males","Total","From 15 to 64 years","Unknown","Thousand",0,"is"
"5094",2016,"Iceland","Females","Total","From 15 to 64 years","Unknown","Thousand",0,"is"
"5100",2016,"Norway","Total","Total","From 15 to 64 years","Unknown","Thousand",0,"no"
"5106",2016,"Norway","Males","Total","From 15 to 64 years","Unknown","Thousand",0,"no"
"5112",2016,"Norway","Females","Total","From 15 to 64 years","Unknown","Thousand",0,"no"
"5118",2016,"Switzerland","Total","Total","From 15 to 64 years","Unknown","Thousand",0,"ch"
"5124",2016,"Switzerland","Males","Total","From 15 to 64 years","Unknown","Thousand",0,"ch"
"5130",2016,"Switzerland","Females","Total","From 15 to 64 years","Unknown","Thousand",0,"ch"
"5136",2016,"Montenegro","Total","Total","From 15 to 64 years","Unknown","Thousand",0,"me"
"5142",2016,"Montenegro","Males","Total","From 15 to 64 years","Unknown","Thousand",0,"me"
"5148",2016,"Montenegro","Females","Total","From 15 to 64 years","Unknown","Thousand",0,"me"
"5154",2016,"Serbia","Total","Total","From 15 to 64 years","Unknown","Thousand",0,"rs"
"5160",2016,"Serbia","Males","Total","From 15 to 64 years","Unknown","Thousand",0,"rs"
"5166",2016,"Serbia","Females","Total","From 15 to 64 years","Unknown","Thousand",0,"rs"
"5172",2016,"Turkey","Total","Total","From 15 to 64 years","Unknown","Thousand",0,"tr"
"5178",2016,"Turkey","Males","Total","From 15 to 64 years","Unknown","Thousand",0,"tr"
"5184",2016,"Turkey","Females","Total","From 15 to 64 years","Unknown","Thousand",0,"tr"
"5190",2017,"Belgium","Total","Total","From 15 to 64 years","Unknown","Thousand",0,"be"
"5196",2017,"Belgium","Males","Total","From 15 to 64 years","Unknown","Thousand",0,"be"
"5202",2017,"Belgium","Females","Total","From 15 to 64 years","Unknown","Thousand",0,"be"
"5208",2017,"Bulgaria","Total","Total","From 15 to 64 years","Unknown","Thousand",0,"bg"
"5214",2017,"Bulgaria","Males","Total","From 15 to 64 years","Unknown","Thousand",0,"bg"
"5220",2017,"Bulgaria","Females","Total","From 15 to 64 years","Unknown","Thousand",0,"bg"
"5226",2017,"Czechia","Total","Total","From 15 to 64 years","Unknown","Thousand",0,"cz"
"5232",2017,"Czechia","Males","Total","From 15 to 64 years","Unknown","Thousand",0,"cz"
"5238",2017,"Czechia","Females","Total","From 15 to 64 years","Unknown","Thousand",0,"cz"
"5244",2017,"Denmark","Total","Total","From 15 to 64 years","Unknown","Thousand",0,"dk"
"5250",2017,"Denmark","Males","Total","From 15 to 64 years","Unknown","Thousand",0,"dk"
"5256",2017,"Denmark","Females","Total","From 15 to 64 years","Unknown","Thousand",0,"dk"
"5262",2017,"Estonia","Total","Total","From 15 to 64 years","Unknown","Thousand",0,"ee"
"5268",2017,"Estonia","Males","Total","From 15 to 64 years","Unknown","Thousand",0,"ee"
"5274",2017,"Estonia","Females","Total","From 15 to 64 years","Unknown","Thousand",0,"ee"
"5280",2017,"Ireland","Total","Total","From 15 to 64 years","Unknown","Thousand",0,"ie"
"5286",2017,"Ireland","Males","Total","From 15 to 64 years","Unknown","Thousand",0,"ie"
"5292",2017,"Ireland","Females","Total","From 15 to 64 years","Unknown","Thousand",0,"ie"
"5298",2017,"Greece","Total","Total","From 15 to 64 years","Unknown","Thousand",0,"gr"
"5304",2017,"Greece","Males","Total","From 15 to 64 years","Unknown","Thousand",0,"gr"
"5310",2017,"Greece","Females","Total","From 15 to 64 years","Unknown","Thousand",0,"gr"
"5316",2017,"Spain","Total","Total","From 15 to 64 years","Unknown","Thousand",0,"es"
"5322",2017,"Spain","Males","Total","From 15 to 64 years","Unknown","Thousand",0,"es"
"5328",2017,"Spain","Females","Total","From 15 to 64 years","Unknown","Thousand",0,"es"
"5334",2017,"France","Total","Total","From 15 to 64 years","Unknown","Thousand",0,"fr"
"5340",2017,"France","Males","Total","From 15 to 64 years","Unknown","Thousand",0,"fr"
"5346",2017,"France","Females","Total","From 15 to 64 years","Unknown","Thousand",0,"fr"
"5352",2017,"Croatia","Total","Total","From 15 to 64 years","Unknown","Thousand",0,"hr"
"5358",2017,"Croatia","Males","Total","From 15 to 64 years","Unknown","Thousand",0,"hr"
"5364",2017,"Croatia","Females","Total","From 15 to 64 years","Unknown","Thousand",0,"hr"
"5370",2017,"Italy","Total","Total","From 15 to 64 years","Unknown","Thousand",0,"it"
"5376",2017,"Italy","Males","Total","From 15 to 64 years","Unknown","Thousand",0,"it"
"5382",2017,"Italy","Females","Total","From 15 to 64 years","Unknown","Thousand",0,"it"
"5388",2017,"Cyprus","Total","Total","From 15 to 64 years","Unknown","Thousand",0,"cy"
"5394",2017,"Cyprus","Males","Total","From 15 to 64 years","Unknown","Thousand",0,"cy"
"5400",2017,"Cyprus","Females","Total","From 15 to 64 years","Unknown","Thousand",0,"cy"
"5406",2017,"Latvia","Total","Total","From 15 to 64 years","Unknown","Thousand",0,"lv"
"5412",2017,"Latvia","Males","Total","From 15 to 64 years","Unknown","Thousand",0,"lv"
"5418",2017,"Latvia","Females","Total","From 15 to 64 years","Unknown","Thousand",0,"lv"
"5424",2017,"Lithuania","Total","Total","From 15 to 64 years","Unknown","Thousand",0,"lt"
"5430",2017,"Lithuania","Males","Total","From 15 to 64 years","Unknown","Thousand",0,"lt"
"5436",2017,"Lithuania","Females","Total","From 15 to 64 years","Unknown","Thousand",0,"lt"
"5442",2017,"Luxembourg","Total","Total","From 15 to 64 years","Unknown","Thousand",0,"lu"
"5448",2017,"Luxembourg","Males","Total","From 15 to 64 years","Unknown","Thousand",0,"lu"
"5454",2017,"Luxembourg","Females","Total","From 15 to 64 years","Unknown","Thousand",0,"lu"
"5460",2017,"Hungary","Total","Total","From 15 to 64 years","Unknown","Thousand",0,"hu"
"5466",2017,"Hungary","Males","Total","From 15 to 64 years","Unknown","Thousand",0,"hu"
"5472",2017,"Hungary","Females","Total","From 15 to 64 years","Unknown","Thousand",0,"hu"
"5478",2017,"Malta","Total","Total","From 15 to 64 years","Unknown","Thousand",0,"mt"
"5484",2017,"Malta","Males","Total","From 15 to 64 years","Unknown","Thousand",0,"mt"
"5490",2017,"Malta","Females","Total","From 15 to 64 years","Unknown","Thousand",0,"mt"
"5496",2017,"Netherlands","Total","Total","From 15 to 64 years","Unknown","Thousand",0,"nl"
"5502",2017,"Netherlands","Males","Total","From 15 to 64 years","Unknown","Thousand",0,"nl"
"5508",2017,"Netherlands","Females","Total","From 15 to 64 years","Unknown","Thousand",0,"nl"
"5514",2017,"Austria","Total","Total","From 15 to 64 years","Unknown","Thousand",0,"at"
"5520",2017,"Austria","Males","Total","From 15 to 64 years","Unknown","Thousand",0,"at"
"5526",2017,"Austria","Females","Total","From 15 to 64 years","Unknown","Thousand",0,"at"
"5532",2017,"Poland","Total","Total","From 15 to 64 years","Unknown","Thousand",0,"pl"
"5538",2017,"Poland","Males","Total","From 15 to 64 years","Unknown","Thousand",0,"pl"
"5544",2017,"Poland","Females","Total","From 15 to 64 years","Unknown","Thousand",0,"pl"
"5550",2017,"Portugal","Total","Total","From 15 to 64 years","Unknown","Thousand",0,"pt"
"5556",2017,"Portugal","Males","Total","From 15 to 64 years","Unknown","Thousand",0,"pt"
"5562",2017,"Portugal","Females","Total","From 15 to 64 years","Unknown","Thousand",0,"pt"
"5568",2017,"Romania","Total","Total","From 15 to 64 years","Unknown","Thousand",0,"ro"
"5574",2017,"Romania","Males","Total","From 15 to 64 years","Unknown","Thousand",0,"ro"
"5580",2017,"Romania","Females","Total","From 15 to 64 years","Unknown","Thousand",0,"ro"
"5586",2017,"Slovenia","Total","Total","From 15 to 64 years","Unknown","Thousand",0,"si"
"5592",2017,"Slovenia","Males","Total","From 15 to 64 years","Unknown","Thousand",0,"si"
"5598",2017,"Slovenia","Females","Total","From 15 to 64 years","Unknown","Thousand",0,"si"
"5604",2017,"Slovakia","Total","Total","From 15 to 64 years","Unknown","Thousand",0,"sk"
"5610",2017,"Slovakia","Males","Total","From 15 to 64 years","Unknown","Thousand",0,"sk"
"5616",2017,"Slovakia","Females","Total","From 15 to 64 years","Unknown","Thousand",0,"sk"
"5622",2017,"Finland","Total","Total","From 15 to 64 years","Unknown","Thousand",0,"fi"
"5628",2017,"Finland","Males","Total","From 15 to 64 years","Unknown","Thousand",0,"fi"
"5634",2017,"Finland","Females","Total","From 15 to 64 years","Unknown","Thousand",0,"fi"
"5640",2017,"Sweden","Total","Total","From 15 to 64 years","Unknown","Thousand",0,"se"
"5646",2017,"Sweden","Males","Total","From 15 to 64 years","Unknown","Thousand",0,"se"
"5652",2017,"Sweden","Females","Total","From 15 to 64 years","Unknown","Thousand",0,"se"
"5658",2017,"Iceland","Total","Total","From 15 to 64 years","Unknown","Thousand",0,"is"
"5664",2017,"Iceland","Males","Total","From 15 to 64 years","Unknown","Thousand",0,"is"
"5670",2017,"Iceland","Females","Total","From 15 to 64 years","Unknown","Thousand",0,"is"
"5676",2017,"Norway","Total","Total","From 15 to 64 years","Unknown","Thousand",0,"no"
"5682",2017,"Norway","Males","Total","From 15 to 64 years","Unknown","Thousand",0,"no"
"5688",2017,"Norway","Females","Total","From 15 to 64 years","Unknown","Thousand",0,"no"
"5694",2017,"Switzerland","Total","Total","From 15 to 64 years","Unknown","Thousand",0,"ch"
"5700",2017,"Switzerland","Males","Total","From 15 to 64 years","Unknown","Thousand",0,"ch"
"5706",2017,"Switzerland","Females","Total","From 15 to 64 years","Unknown","Thousand",0,"ch"
"5712",2017,"Montenegro","Total","Total","From 15 to 64 years","Unknown","Thousand",0,"me"
"5718",2017,"Montenegro","Males","Total","From 15 to 64 years","Unknown","Thousand",0,"me"
"5724",2017,"Montenegro","Females","Total","From 15 to 64 years","Unknown","Thousand",0,"me"
"5730",2017,"Serbia","Total","Total","From 15 to 64 years","Unknown","Thousand",0,"rs"
"5736",2017,"Serbia","Males","Total","From 15 to 64 years","Unknown","Thousand",0,"rs"
"5742",2017,"Serbia","Females","Total","From 15 to 64 years","Unknown","Thousand",0,"rs"
"5748",2017,"Turkey","Total","Total","From 15 to 64 years","Unknown","Thousand",0,"tr"
"5754",2017,"Turkey","Males","Total","From 15 to 64 years","Unknown","Thousand",0,"tr"
"5760",2017,"Turkey","Females","Total","From 15 to 64 years","Unknown","Thousand",0,"tr"
